{"slots":[{"id":81,"game_id":81,"title":"Africa","alias":"Africa","provider":null,"show":1,"is_live":0,"priority":1,"created_at":null,"updated_at":null,"image":"https://api-prod.mortalsoft.online/i/Africa.jpg"},{"id":778,"game_id":778,"title":"Africa Run","alias":"AfricaRunKA","provider":"Ka-Gaming","show":1,"is_live":0,"priority":1,"created_at":null,"updated_at":null,"image":"https://api-prod.mortalsoft.online/i/AfricaRunKA.jpg"},{"id":3,"game_id":3,"title":"Always Hot Cubes","alias":"AlwaysHotCubesGT","provider":"Greentube","show":1,"is_live":0,"priority":1,"created_at":null,"updated_at":null,"image":"https://api-prod.mortalsoft.online/i/AlwaysHotCubesGT.jpg"},{"id":4,"game_id":4,"title":"Always Hot","alias":"AlwaysHotDXGT","provider":"Greentube","show":1,"is_live":0,"priority":1,"created_at":null,"updated_at":null,"image":"https://api-prod.mortalsoft.online/i/AlwaysHotDXGT.jpg"},{"id":5,"game_id":5,"title":"Amazing Fruits","alias":"AmazingFruitsGT","provider":"Greentube","show":1,"is_live":0,"priority":1,"created_at":null,"updated_at":null,"image":"https://api-prod.mortalsoft.online/i/AmazingFruitsGT.jpg"},{"id":6,"game_id":6,"title":"Amazing Sevens","alias":"AmazingSevensGT","provider":"Greentube","show":1,"is_live":0,"priority":1,"created_at":null,"updated_at":null,"image":"https://api-prod.mortalsoft.online/i/AmazingSevensGT.jpg"},{"id":7,"game_id":7,"title":"Amazing Stars","alias":"AmazingStarsGT","provider":"Greentube","show":1,"is_live":0,"priority":1,"created_at":null,"updated_at":null,"image":"https://api-prod.mortalsoft.online/i/AmazingStarsGT.jpg"},{"id":82,"game_id":82,"title":"AmericanFootball","alias":"AmericanFootball","provider":"Greentube","show":1,"is_live":0,"priority":1,"created_at":null,"updated_at":null,"image":"https://api-prod.mortalsoft.online/i/AmericanFootball.jpg"},{"id":8,"game_id":8,"title":"American Gangster","alias":"AmericanGangsterGT","provider":"Greentube","show":1,"is_live":0,"priority":1,"created_at":null,"updated_at":null,"image":"https://api-prod.mortalsoft.online/i/AmericanGangsterGT.jpg"},{"id":657,"game_id":657,"title":"American Gigolo","alias":"AmericanGigoloCT","provider":"C-Technology","show":1,"is_live":0,"priority":1,"created_at":null,"updated_at":null,"image":"https://api-prod.mortalsoft.online/i/AmericanGigoloCT.jpg"},{"id":1111,"game_id":1111,"title":"AncientEgyptClassic","alias":"AncientEgyptClassic","provider":"Pragmatic","show":1,"is_live":0,"priority":1,"created_at":null,"updated_at":null,"image":"https://api-prod.mortalsoft.online/i/AncientEgyptClassic.jpg"},{"id":500,"game_id":500,"title":"Ancient Egypt","alias":"AncientEgyptPM","provider":"Pragmatic","show":1,"is_live":0,"priority":1,"created_at":null,"updated_at":null,"image":"https://api-prod.mortalsoft.online/i/AncientEgyptPM.jpg"},{"id":161,"game_id":161,"title":"Ancient Forest","alias":"AncientForestGT","provider":"Greentube","show":1,"is_live":0,"priority":1,"created_at":null,"updated_at":null,"image":"https://api-prod.mortalsoft.online/i/AncientForestGT.jpg"},{"id":804,"game_id":804,"title":"Ares God Of War","alias":"AresGodOfWarKA","provider":"Ka-Gaming","show":1,"is_live":0,"priority":1,"created_at":null,"updated_at":null,"image":"https://api-prod.mortalsoft.online/i/AresGodOfWarKA.jpg"},{"id":83,"game_id":83,"title":"Asian","alias":"Asian","provider":"Greentube","show":1,"is_live":0,"priority":1,"created_at":null,"updated_at":null,"image":"https://api-prod.mortalsoft.online/i/Asian.jpg"},{"id":1068,"game_id":1068,"title":"At The Movies","alias":"AtTheMoviesBS","provider":"BetSoft","show":1,"is_live":0,"priority":1,"created_at":null,"updated_at":null,"image":"https://api-prod.mortalsoft.online/i/AtTheMoviesBS.jpg"},{"id":84,"game_id":84,"title":"Attila","alias":"Attila","provider":"Greentube","show":1,"is_live":0,"priority":1,"created_at":null,"updated_at":null,"image":"https://api-prod.mortalsoft.online/i/Attila.jpg"},{"id":9,"game_id":9,"title":"Attila","alias":"AttilaDX","provider":"Greentube","show":1,"is_live":0,"priority":1,"created_at":null,"updated_at":null,"image":"https://api-prod.mortalsoft.online/i/AttilaDX.jpg"},{"id":502,"game_id":502,"title":"Aztec Gems","alias":"AztecGemsPM","provider":"Pragmatic","show":1,"is_live":0,"priority":1,"created_at":null,"updated_at":null,"image":"https://api-prod.mortalsoft.online/i/AztecGemsPM.jpg"},{"id":502,"game_id":502,"title":"Aztec Gems","alias":"AztecGemsPM","provider":"Instant Wins","show":1,"is_live":0,"priority":1,"created_at":null,"updated_at":null,"image":"https://api-prod.mortalsoft.online/i/AztecGemsPM.jpg"},{"id":1139,"game_id":1139,"title":"AztecKing","alias":"AztecKing","provider":"Pragmatic","show":1,"is_live":0,"priority":1,"created_at":null,"updated_at":null,"image":"https://api-prod.mortalsoft.online/i/AztecKing.jpg"},{"id":85,"game_id":85,"title":"AztecTreasure","alias":"AztecTreasure","provider":"Greentube","show":1,"is_live":0,"priority":1,"created_at":null,"updated_at":null,"image":"https://api-prod.mortalsoft.online/i/AztecTreasure.jpg"},{"id":673,"game_id":673,"title":"Banana Party","alias":"BananaPartyCT","provider":"C-Technology","show":1,"is_live":0,"priority":1,"created_at":null,"updated_at":null,"image":"https://api-prod.mortalsoft.online/i/BananaPartyCT.jpg"},{"id":86,"game_id":86,"title":"BananasGoBahamas","alias":"BananasGoBahamas","provider":"Greentube","show":1,"is_live":0,"priority":1,"created_at":null,"updated_at":null,"image":"https://api-prod.mortalsoft.online/i/BananasGoBahamas.jpg"},{"id":10,"game_id":10,"title":"Bananas go Bahamas","alias":"BananasGoBahamasDX","provider":"Greentube","show":1,"is_live":0,"priority":1,"created_at":null,"updated_at":null,"image":"https://api-prod.mortalsoft.online/i/BananasGoBahamasDX.jpg"},{"id":87,"game_id":87,"title":"BananaSplash","alias":"BananaSplash","provider":"Greentube","show":1,"is_live":0,"priority":1,"created_at":null,"updated_at":null,"image":"https://api-prod.mortalsoft.online/i/BananaSplash.jpg"},{"id":11,"game_id":11,"title":"Banana Splash","alias":"BananaSplashDX","provider":"Greentube","show":1,"is_live":0,"priority":1,"created_at":null,"updated_at":null,"image":"https://api-prod.mortalsoft.online/i/BananaSplashDX.jpg"},{"id":13,"game_id":13,"title":"Bars and Sevens","alias":"BarsAndSevensGT","provider":"Greentube","show":1,"is_live":0,"priority":1,"created_at":null,"updated_at":null,"image":"https://api-prod.mortalsoft.online/i/BarsAndSevensGT.jpg"},{"id":88,"game_id":88,"title":"Basketball","alias":"Basketball","provider":null,"show":1,"is_live":0,"priority":1,"created_at":null,"updated_at":null,"image":"https://api-prod.mortalsoft.online/i/Basketball.jpg"},{"id":666,"game_id":666,"title":"Bavarian Forest","alias":"BavarianForestCT","provider":"C-Technology","show":1,"is_live":0,"priority":1,"created_at":null,"updated_at":null,"image":"https://api-prod.mortalsoft.online/i/BavarianForestCT.jpg"},{"id":89,"game_id":89,"title":"BeetleMania","alias":"BeetleMania","provider":"Greentube","show":1,"is_live":0,"priority":1,"created_at":null,"updated_at":null,"image":"https://api-prod.mortalsoft.online/i/BeetleMania.jpg"},{"id":681,"game_id":681,"title":"Beetle Star","alias":"BeetleStarCT","provider":"C-Technology","show":1,"is_live":0,"priority":1,"created_at":null,"updated_at":null,"image":"https://api-prod.mortalsoft.online/i/BeetleStarCT.jpg"},{"id":1122,"game_id":1122,"title":"BigBassBonanza","alias":"BigBassBonanza","provider":"Pragmatic","show":1,"is_live":0,"priority":1,"created_at":null,"updated_at":null,"image":"https://api-prod.mortalsoft.online/i/BigBassBonanza.jpg"},{"id":1183,"game_id":1183,"title":"BigBassKeepingitReel","alias":"BigBassKeepingitReel","provider":"Pragmatic","show":1,"is_live":0,"priority":1,"created_at":null,"updated_at":null,"image":"https://api-prod.mortalsoft.online/i/BigBassKeepingitReel.jpg"},{"id":856,"game_id":856,"title":"Big Ben","alias":"BigBenAT","provider":"Aristocrat","show":1,"is_live":0,"priority":1,"created_at":null,"updated_at":null,"image":"https://api-prod.mortalsoft.online/i/BigBenAT.jpg"},{"id":1186,"game_id":1186,"title":"BiggerBassBlizzard","alias":"BiggerBassBlizzard","provider":"Pragmatic","show":1,"is_live":0,"priority":1,"created_at":null,"updated_at":null,"image":"https://api-prod.mortalsoft.online/i/BiggerBassBlizzard.jpg"},{"id":1124,"game_id":1124,"title":"BiggerBassBonanza","alias":"BiggerBassBonanza","provider":"Pragmatic","show":1,"is_live":0,"priority":1,"created_at":null,"updated_at":null,"image":"https://api-prod.mortalsoft.online/i/BiggerBassBonanza.jpg"},{"id":659,"game_id":659,"title":"Big Joker","alias":"BigJokerCT","provider":"C-Technology","show":1,"is_live":0,"priority":1,"created_at":null,"updated_at":null,"image":"https://api-prod.mortalsoft.online/i/BigJokerCT.jpg"},{"id":857,"game_id":857,"title":"Big Red","alias":"BigRedAT","provider":"Aristocrat","show":1,"is_live":0,"priority":1,"created_at":null,"updated_at":null,"image":"https://api-prod.mortalsoft.online/i/BigRedAT.jpg"},{"id":1197,"game_id":1197,"title":"BonanzaGold","alias":"BonanzaGold","provider":"Pragmatic","show":1,"is_live":0,"priority":1,"created_at":null,"updated_at":null,"image":"https://api-prod.mortalsoft.online/i/BonanzaGold.jpg"},{"id":1140,"game_id":1140,"title":"BookofAztecKing","alias":"BookofAztecKing","provider":"Pragmatic","show":1,"is_live":0,"priority":1,"created_at":null,"updated_at":null,"image":"https://api-prod.mortalsoft.online/i/BookofAztecKing.jpg"},{"id":1064,"game_id":1064,"title":"Book Of Darkness","alias":"BookOfDarknessBS","provider":"BetSoft","show":1,"is_live":0,"priority":1,"created_at":null,"updated_at":null,"image":"https://api-prod.mortalsoft.online/i/BookOfDarknessBS.jpg"},{"id":1182,"game_id":1182,"title":"BookOfELDorado","alias":"BookOfELDorado","provider":"Pragmatic","show":1,"is_live":0,"priority":1,"created_at":null,"updated_at":null,"image":"https://api-prod.mortalsoft.online/i/BookOfELDorado.jpg"},{"id":1141,"game_id":1141,"title":"BookofKingdoms","alias":"BookofKingdoms","provider":"Pragmatic","show":1,"is_live":0,"priority":1,"created_at":null,"updated_at":null,"image":"https://api-prod.mortalsoft.online/i/BookofKingdoms.jpg"},{"id":90,"game_id":90,"title":"BookOfRa","alias":"BookOfRa","provider":"Greentube","show":1,"is_live":0,"priority":1,"created_at":null,"updated_at":null,"image":"https://api-prod.mortalsoft.online/i/BookOfRa.jpg"},{"id":16,"game_id":16,"title":"Book of Ra","alias":"BookOfRaCL","provider":"Greentube","show":1,"is_live":0,"priority":1,"created_at":null,"updated_at":null,"image":"https://api-prod.mortalsoft.online/i/BookOfRaCL.jpg"},{"id":77,"game_id":77,"title":"Book of Ra 6","alias":"BookOfRaDX6GT","provider":"Greentube","show":1,"is_live":0,"priority":1,"created_at":null,"updated_at":null,"image":"https://api-prod.mortalsoft.online/i/BookOfRaDX6GT.jpg"},{"id":17,"game_id":17,"title":"Book of Ra","alias":"BookOfRaDXGT","provider":"Greentube","show":1,"is_live":0,"priority":1,"created_at":null,"updated_at":null,"image":"https://api-prod.mortalsoft.online/i/BookOfRaDXGT.jpg"},{"id":1142,"game_id":1142,"title":"BookoftheFallen","alias":"BookoftheFallen","provider":"Pragmatic","show":1,"is_live":0,"priority":1,"created_at":null,"updated_at":null,"image":"https://api-prod.mortalsoft.online/i/BookoftheFallen.jpg"},{"id":1097,"game_id":1097,"title":"BookofTut","alias":"BookofTut","provider":"Pragmatic","show":1,"is_live":0,"priority":1,"created_at":null,"updated_at":null,"image":"https://api-prod.mortalsoft.online/i/BookofTut.jpg"},{"id":1143,"game_id":1143,"title":"BookofTutRespin","alias":"BookofTutRespin","provider":"Pragmatic","show":1,"is_live":0,"priority":1,"created_at":null,"updated_at":null,"image":"https://api-prod.mortalsoft.online/i/BookofTutRespin.jpg"},{"id":1098,"game_id":1098,"title":"BookofVikings","alias":"BookofVikings","provider":"Pragmatic","show":1,"is_live":0,"priority":1,"created_at":null,"updated_at":null,"image":"https://api-prod.mortalsoft.online/i/BookofVikings.jpg"},{"id":672,"game_id":672,"title":"Brilliants Hot","alias":"BrilliantsHotCT","provider":"C-Technology","show":1,"is_live":0,"priority":1,"created_at":null,"updated_at":null,"image":"https://api-prod.mortalsoft.online/i/BrilliantsHotCT.jpg"},{"id":760,"game_id":760,"title":"Bubble Double","alias":"BubbleDoubleKA","provider":"Ka-Gaming","show":1,"is_live":0,"priority":1,"created_at":null,"updated_at":null,"image":"https://api-prod.mortalsoft.online/i/BubbleDoubleKA.jpg"},{"id":1195,"game_id":1195,"title":"BubblePop","alias":"BubblePop","provider":"Pragmatic","show":1,"is_live":0,"priority":1,"created_at":null,"updated_at":null,"image":"https://api-prod.mortalsoft.online/i/BubblePop.jpg"},{"id":858,"game_id":858,"title":"Buffalo","alias":"BuffaloAT","provider":"Aristocrat","show":1,"is_live":0,"priority":1,"created_at":null,"updated_at":null,"image":"https://api-prod.mortalsoft.online/i/BuffaloAT.jpg"},{"id":1187,"game_id":1187,"title":"BullFiesta","alias":"BullFiesta","provider":"Pragmatic","show":1,"is_live":0,"priority":1,"created_at":null,"updated_at":null,"image":"https://api-prod.mortalsoft.online/i/BullFiesta.jpg"},{"id":767,"game_id":767,"title":"Bull Stampede","alias":"BullStampedeKA","provider":"Ka-Gaming","show":1,"is_live":0,"priority":1,"created_at":null,"updated_at":null,"image":"https://api-prod.mortalsoft.online/i/BullStampedeKA.jpg"},{"id":18,"game_id":18,"title":"Burning Hot 7","alias":"BurningHot7GT","provider":"Greentube","show":1,"is_live":0,"priority":1,"created_at":null,"updated_at":null,"image":"https://api-prod.mortalsoft.online/i/BurningHot7GT.jpg"},{"id":18,"game_id":18,"title":"Burning Hot 7","alias":"BurningHot7GT","provider":"Instant Wins","show":1,"is_live":0,"priority":1,"created_at":null,"updated_at":null,"image":"https://api-prod.mortalsoft.online/i/BurningHot7GT.jpg"},{"id":91,"game_id":91,"title":"BuzzinBugs","alias":"BuzzinBugs","provider":"Novomatic","show":1,"is_live":0,"priority":1,"created_at":null,"updated_at":null,"image":"https://api-prod.mortalsoft.online/i/BuzzinBugs.jpg"},{"id":783,"game_id":783,"title":"Cai Yuan Guang Jin","alias":"CaiYuanGuangJinKA","provider":"Ka-Gaming","show":1,"is_live":0,"priority":1,"created_at":null,"updated_at":null,"image":"https://api-prod.mortalsoft.online/i/CaiYuanGuangJinKA.jpg"},{"id":799,"game_id":799,"title":"California Gold Rush","alias":"CaliforniaGoldRushKA","provider":"Ka-Gaming","show":1,"is_live":0,"priority":1,"created_at":null,"updated_at":null,"image":"https://api-prod.mortalsoft.online/i/CaliforniaGoldRushKA.jpg"},{"id":782,"game_id":782,"title":"Candy Storm","alias":"CandyStormKA","provider":"Ka-Gaming","show":1,"is_live":0,"priority":1,"created_at":null,"updated_at":null,"image":"https://api-prod.mortalsoft.online/i/CandyStormKA.jpg"},{"id":1131,"game_id":1131,"title":"CandyVillage","alias":"CandyVillage","provider":"Pragmatic","show":1,"is_live":0,"priority":1,"created_at":null,"updated_at":null,"image":"https://api-prod.mortalsoft.online/i/CandyVillage.jpg"},{"id":19,"game_id":19,"title":"Caribbean Holidays","alias":"CaribbeanHolidaysGT","provider":"Greentube","show":1,"is_live":0,"priority":1,"created_at":null,"updated_at":null,"image":"https://api-prod.mortalsoft.online/i/CaribbeanHolidaysGT.jpg"},{"id":92,"game_id":92,"title":"CashMachine","alias":"CashMachine","provider":"Greentube","show":1,"is_live":0,"priority":1,"created_at":null,"updated_at":null,"image":"https://api-prod.mortalsoft.online/i/CashMachine.jpg"},{"id":1184,"game_id":1184,"title":"CashPatrol","alias":"CashPatrol","provider":"Pragmatic","show":1,"is_live":0,"priority":1,"created_at":null,"updated_at":null,"image":"https://api-prod.mortalsoft.online/i/CashPatrol.jpg"},{"id":1013,"game_id":1013,"title":"Casino Holdem","alias":"CasinoHoldemPG","provider":"Playngo","show":1,"is_live":0,"priority":1,"created_at":null,"updated_at":null,"image":"https://api-prod.mortalsoft.online/i/CasinoHoldemPG.jpg"},{"id":1013,"game_id":1013,"title":"Casino Holdem","alias":"CasinoHoldemPG","provider":"Card","show":1,"is_live":0,"priority":1,"created_at":null,"updated_at":null,"image":"https://api-prod.mortalsoft.online/i/CasinoHoldemPG.jpg"},{"id":289,"game_id":289,"title":"Chao Ji 888","alias":"ChaoJi888","provider":"Skywind","show":1,"is_live":0,"priority":1,"created_at":null,"updated_at":null,"image":"https://api-prod.mortalsoft.online/i/ChaoJi888.jpg"},{"id":289,"game_id":289,"title":"Chao Ji 888","alias":"ChaoJi888","provider":"Slots","show":1,"is_live":0,"priority":1,"created_at":null,"updated_at":null,"image":"https://api-prod.mortalsoft.online/i/ChaoJi888.jpg"},{"id":93,"game_id":93,"title":"Charming","alias":"Charming","provider":"Greentube","show":1,"is_live":0,"priority":1,"created_at":null,"updated_at":null,"image":"https://api-prod.mortalsoft.online/i/Charming.jpg"},{"id":1095,"game_id":1095,"title":"ChilliHeat","alias":"ChilliHeat","provider":"Pragmatic","show":1,"is_live":0,"priority":1,"created_at":null,"updated_at":null,"image":"https://api-prod.mortalsoft.online/i/ChilliHeat.jpg"},{"id":786,"game_id":786,"title":"Chi You","alias":"ChiYouKA","provider":"Ka-Gaming","show":1,"is_live":0,"priority":1,"created_at":null,"updated_at":null,"image":"https://api-prod.mortalsoft.online/i/ChiYouKA.jpg"},{"id":859,"game_id":859,"title":"Choy Sun Doa","alias":"ChoySunDoaAT","provider":"Aristocrat","show":1,"is_live":0,"priority":1,"created_at":null,"updated_at":null,"image":"https://api-prod.mortalsoft.online/i/ChoySunDoaAT.jpg"},{"id":1138,"game_id":1138,"title":"Cleocatra","alias":"Cleocatra","provider":"Pragmatic","show":1,"is_live":0,"priority":1,"created_at":null,"updated_at":null,"image":"https://api-prod.mortalsoft.online/i/Cleocatra.jpg"},{"id":1144,"game_id":1144,"title":"CloverGold","alias":"CloverGold","provider":"Pragmatic","show":1,"is_live":0,"priority":1,"created_at":null,"updated_at":null,"image":"https://api-prod.mortalsoft.online/i/CloverGold.jpg"},{"id":660,"game_id":660,"title":"Clover Party","alias":"CloverPartyCT","provider":"C-Technology","show":1,"is_live":0,"priority":1,"created_at":null,"updated_at":null,"image":"https://api-prod.mortalsoft.online/i/CloverPartyCT.jpg"},{"id":747,"game_id":747,"title":"Cocorico","alias":"CocoricoKA","provider":"Ka-Gaming","show":1,"is_live":0,"priority":1,"created_at":null,"updated_at":null,"image":"https://api-prod.mortalsoft.online/i/CocoricoKA.jpg"},{"id":94,"game_id":94,"title":"Columbus","alias":"Columbus","provider":"New","show":1,"is_live":0,"priority":1,"created_at":null,"updated_at":null,"image":"https://api-prod.mortalsoft.online/i/Columbus.jpg"},{"id":94,"game_id":94,"title":"Columbus","alias":"Columbus","provider":"Greentube","show":1,"is_live":0,"priority":1,"created_at":null,"updated_at":null,"image":"https://api-prod.mortalsoft.online/i/Columbus.jpg"},{"id":685,"game_id":685,"title":"Combat Romance","alias":"CombatRomanceCT","provider":"C-Technology","show":1,"is_live":0,"priority":1,"created_at":null,"updated_at":null,"image":"https://api-prod.mortalsoft.online/i/CombatRomanceCT.jpg"},{"id":803,"game_id":803,"title":"Crazy Circus","alias":"CrazyCircusKA","provider":"Ka-Gaming","show":1,"is_live":0,"priority":1,"created_at":null,"updated_at":null,"image":"https://api-prod.mortalsoft.online/i/CrazyCircusKA.jpg"},{"id":95,"game_id":95,"title":"CrazyParty","alias":"CrazyParty","provider":"Greentube","show":1,"is_live":0,"priority":1,"created_at":null,"updated_at":null,"image":"https://api-prod.mortalsoft.online/i/CrazyParty.jpg"},{"id":1123,"game_id":1123,"title":"CrownofFire","alias":"CrownofFire","provider":"Pragmatic","show":1,"is_live":0,"priority":1,"created_at":null,"updated_at":null,"image":"https://api-prod.mortalsoft.online/i/CrownofFire.jpg"},{"id":96,"game_id":96,"title":"Cuba","alias":"Cuba","provider":"Greentube","show":1,"is_live":0,"priority":1,"created_at":null,"updated_at":null,"image":"https://api-prod.mortalsoft.online/i/Cuba.jpg"},{"id":766,"game_id":766,"title":"Daji","alias":"DajiKA","provider":"Ka-Gaming","show":1,"is_live":0,"priority":1,"created_at":null,"updated_at":null,"image":"https://api-prod.mortalsoft.online/i/DajiKA.jpg"},{"id":1146,"game_id":1146,"title":"DayofDead","alias":"DayofDead","provider":"Pragmatic","show":1,"is_live":0,"priority":1,"created_at":null,"updated_at":null,"image":"https://api-prod.mortalsoft.online/i/DayofDead.jpg"},{"id":20,"game_id":20,"title":"Dazzling Diamonds","alias":"DazzlingDiamondsGT","provider":"Greentube","show":1,"is_live":0,"priority":1,"created_at":null,"updated_at":null,"image":"https://api-prod.mortalsoft.online/i/DazzlingDiamondsGT.jpg"},{"id":97,"game_id":97,"title":"DeepWater","alias":"DeepWater","provider":"Greentube","show":1,"is_live":0,"priority":1,"created_at":null,"updated_at":null,"image":"https://api-prod.mortalsoft.online/i/DeepWater.jpg"},{"id":682,"game_id":682,"title":"Desert Tales","alias":"DesertTalesCT","provider":"C-Technology","show":1,"is_live":0,"priority":1,"created_at":null,"updated_at":null,"image":"https://api-prod.mortalsoft.online/i/DesertTalesCT.jpg"},{"id":98,"game_id":98,"title":"Desires","alias":"Desires","provider":"Greentube","show":1,"is_live":0,"priority":1,"created_at":null,"updated_at":null,"image":"https://api-prod.mortalsoft.online/i/Desires.jpg"},{"id":21,"game_id":21,"title":"Diamond 7","alias":"Diamond7GT","provider":"Greentube","show":1,"is_live":0,"priority":1,"created_at":null,"updated_at":null,"image":"https://api-prod.mortalsoft.online/i/Diamond7GT.jpg"},{"id":99,"game_id":99,"title":"DiamondTrio","alias":"DiamondTrio","provider":"Greentube","show":1,"is_live":0,"priority":1,"created_at":null,"updated_at":null,"image":"https://api-prod.mortalsoft.online/i/DiamondTrio.jpg"},{"id":1061,"game_id":1061,"title":"Dim Sum Prize","alias":"DimSumPrizeBS","provider":"BetSoft","show":1,"is_live":0,"priority":1,"created_at":null,"updated_at":null,"image":"https://api-prod.mortalsoft.online/i/DimSumPrizeBS.jpg"},{"id":1061,"game_id":1061,"title":"Dim Sum Prize","alias":"DimSumPrizeBS","provider":"New","show":1,"is_live":0,"priority":1,"created_at":null,"updated_at":null,"image":"https://api-prod.mortalsoft.online/i/DimSumPrizeBS.jpg"},{"id":100,"game_id":100,"title":"Dolphins","alias":"Dolphins","provider":"Greentube","show":1,"is_live":0,"priority":1,"created_at":null,"updated_at":null,"image":"https://api-prod.mortalsoft.online/i/Dolphins.jpg"},{"id":22,"game_id":22,"title":"Dolphins Pearl","alias":"DolphinsPearlCL","provider":"Greentube","show":1,"is_live":0,"priority":1,"created_at":null,"updated_at":null,"image":"https://api-prod.mortalsoft.online/i/DolphinsPearlCL.jpg"},{"id":23,"game_id":23,"title":"Dolphins Pearl","alias":"DolphinsPearlDXGT","provider":"Greentube","show":1,"is_live":0,"priority":1,"created_at":null,"updated_at":null,"image":"https://api-prod.mortalsoft.online/i/DolphinsPearlDXGT.jpg"},{"id":23,"game_id":23,"title":"Dolphins Pearl","alias":"DolphinsPearlDXGT","provider":"New","show":1,"is_live":0,"priority":1,"created_at":null,"updated_at":null,"image":"https://api-prod.mortalsoft.online/i/DolphinsPearlDXGT.jpg"},{"id":860,"game_id":860,"title":"Dolphins Treasure","alias":"DolphinsTreasureAT","provider":"Aristocrat","show":1,"is_live":0,"priority":1,"created_at":null,"updated_at":null,"image":"https://api-prod.mortalsoft.online/i/DolphinsTreasureAT.jpg"},{"id":861,"game_id":861,"title":"Double Happiness","alias":"DoubleHappinessAT","provider":"Aristocrat","show":1,"is_live":0,"priority":1,"created_at":null,"updated_at":null,"image":"https://api-prod.mortalsoft.online/i/DoubleHappinessAT.jpg"},{"id":759,"game_id":759,"title":"Dragon Boat","alias":"DragonBoatKA","provider":"Ka-Gaming","show":1,"is_live":0,"priority":1,"created_at":null,"updated_at":null,"image":"https://api-prod.mortalsoft.online/i/DragonBoatKA.jpg"},{"id":978,"game_id":978,"title":"Dragon Riches","alias":"DragonRichesSW","provider":"Skywind","show":1,"is_live":0,"priority":1,"created_at":null,"updated_at":null,"image":"https://api-prod.mortalsoft.online/i/DragonRichesSW.jpg"},{"id":854,"game_id":854,"title":"Dragons 50","alias":"Dragons50AT","provider":"Aristocrat","show":1,"is_live":0,"priority":1,"created_at":null,"updated_at":null,"image":"https://api-prod.mortalsoft.online/i/Dragons50AT.jpg"},{"id":853,"game_id":853,"title":"Dragons 5","alias":"Dragons5AT","provider":"Aristocrat","show":1,"is_live":0,"priority":1,"created_at":null,"updated_at":null,"image":"https://api-prod.mortalsoft.online/i/Dragons5AT.jpg"},{"id":781,"game_id":781,"title":"Dreamcatcher","alias":"DreamcatcherKA","provider":"Ka-Gaming","show":1,"is_live":0,"priority":1,"created_at":null,"updated_at":null,"image":"https://api-prod.mortalsoft.online/i/DreamcatcherKA.jpg"},{"id":891,"game_id":891,"title":"Ducky Power Ball Keno","alias":"DuckyPowerBallKenoRS","provider":"Keno","show":1,"is_live":0,"priority":1,"created_at":null,"updated_at":null,"image":"https://api-prod.mortalsoft.online/i/DuckyPowerBallKenoRS.jpg"},{"id":891,"game_id":891,"title":"Ducky Power Ball Keno","alias":"DuckyPowerBallKenoRS","provider":"New","show":1,"is_live":0,"priority":1,"created_at":null,"updated_at":null,"image":"https://api-prod.mortalsoft.online/i/DuckyPowerBallKenoRS.jpg"},{"id":101,"game_id":101,"title":"Dynasty","alias":"Dynasty","provider":"Novomatic","show":1,"is_live":0,"priority":1,"created_at":null,"updated_at":null,"image":"https://api-prod.mortalsoft.online/i/Dynasty.jpg"},{"id":686,"game_id":686,"title":"Egg and Rooster","alias":"EggAndRoosterCT","provider":"C-Technology","show":1,"is_live":0,"priority":1,"created_at":null,"updated_at":null,"image":"https://api-prod.mortalsoft.online/i/EggAndRoosterCT.jpg"},{"id":765,"game_id":765,"title":"Egyptian Empress","alias":"EgyptianEmpressKA","provider":"Ka-Gaming","show":1,"is_live":0,"priority":1,"created_at":null,"updated_at":null,"image":"https://api-prod.mortalsoft.online/i/EgyptianEmpressKA.jpg"},{"id":1147,"game_id":1147,"title":"EgyptianFortunes","alias":"EgyptianFortunes","provider":"Pragmatic","show":1,"is_live":0,"priority":1,"created_at":null,"updated_at":null,"image":"https://api-prod.mortalsoft.online/i/EgyptianFortunes.jpg"},{"id":773,"game_id":773,"title":"Egyptian Mythology","alias":"EgyptianMythologyKA","provider":"Ka-Gaming","show":1,"is_live":0,"priority":1,"created_at":null,"updated_at":null,"image":"https://api-prod.mortalsoft.online/i/EgyptianMythologyKA.jpg"},{"id":24,"game_id":24,"title":"Elven Princess","alias":"ElvenPrincessGT","provider":"Greentube","show":1,"is_live":0,"priority":1,"created_at":null,"updated_at":null,"image":"https://api-prod.mortalsoft.online/i/ElvenPrincessGT.jpg"},{"id":102,"game_id":102,"title":"EmperorsChina","alias":"EmperorsChina","provider":"Novomatic","show":1,"is_live":0,"priority":1,"created_at":null,"updated_at":null,"image":"https://api-prod.mortalsoft.online/i/EmperorsChina.jpg"},{"id":1178,"game_id":1178,"title":"ExtraJuicy","alias":"ExtraJuicy","provider":"Pragmatic","show":1,"is_live":0,"priority":1,"created_at":null,"updated_at":null,"image":"https://api-prod.mortalsoft.online/i/ExtraJuicy.jpg"},{"id":798,"game_id":798,"title":"Fairy Dust","alias":"FairyDustKA","provider":"Ka-Gaming","show":1,"is_live":0,"priority":1,"created_at":null,"updated_at":null,"image":"https://api-prod.mortalsoft.online/i/FairyDustKA.jpg"},{"id":772,"game_id":772,"title":"Fantasy 777","alias":"Fantasy777KA","provider":"Ka-Gaming","show":1,"is_live":0,"priority":1,"created_at":null,"updated_at":null,"image":"https://api-prod.mortalsoft.online/i/Fantasy777KA.jpg"},{"id":800,"game_id":800,"title":"Farm Mania","alias":"FarmManiaKA","provider":"Ka-Gaming","show":1,"is_live":0,"priority":1,"created_at":null,"updated_at":null,"image":"https://api-prod.mortalsoft.online/i/FarmManiaKA.jpg"},{"id":1103,"game_id":1103,"title":"FireHot100","alias":"FireHot100","provider":"Pragmatic","show":1,"is_live":0,"priority":1,"created_at":null,"updated_at":null,"image":"https://api-prod.mortalsoft.online/i/FireHot100.jpg"},{"id":1101,"game_id":1101,"title":"FireHot20","alias":"FireHot20","provider":"Pragmatic","show":1,"is_live":0,"priority":1,"created_at":null,"updated_at":null,"image":"https://api-prod.mortalsoft.online/i/FireHot20.jpg"},{"id":1102,"game_id":1102,"title":"FireHot40","alias":"FireHot40","provider":"Pragmatic","show":1,"is_live":0,"priority":1,"created_at":null,"updated_at":null,"image":"https://api-prod.mortalsoft.online/i/FireHot40.jpg"},{"id":1100,"game_id":1100,"title":"FireHot5","alias":"FireHot5","provider":"Pragmatic","show":1,"is_live":0,"priority":1,"created_at":null,"updated_at":null,"image":"https://api-prod.mortalsoft.online/i/FireHot5.jpg"},{"id":103,"game_id":103,"title":"FirstClassTraveller","alias":"FirstClassTraveller","provider":"Novomatic","show":1,"is_live":0,"priority":1,"created_at":null,"updated_at":null,"image":"https://api-prod.mortalsoft.online/i/FirstClassTraveller.jpg"},{"id":1148,"game_id":1148,"title":"FishinReels","alias":"FishinReels","provider":"Pragmatic","show":1,"is_live":0,"priority":1,"created_at":null,"updated_at":null,"image":"https://api-prod.mortalsoft.online/i/FishinReels.jpg"},{"id":862,"game_id":862,"title":"Flame Of Olympus","alias":"FlameOfOlympusAT","provider":"Aristocrat","show":1,"is_live":0,"priority":1,"created_at":null,"updated_at":null,"image":"https://api-prod.mortalsoft.online/i/FlameOfOlympusAT.jpg"},{"id":754,"game_id":754,"title":"Flaming 7s","alias":"Flaming7sKA","provider":"Ka-Gaming","show":1,"is_live":0,"priority":1,"created_at":null,"updated_at":null,"image":"https://api-prod.mortalsoft.online/i/Flaming7sKA.jpg"},{"id":104,"game_id":104,"title":"Football","alias":"Football","provider":"Novomatic","show":1,"is_live":0,"priority":1,"created_at":null,"updated_at":null,"image":"https://api-prod.mortalsoft.online/i/Football.jpg"},{"id":664,"game_id":664,"title":"Forest Nymph","alias":"ForestNymphCT","provider":"C-Technology","show":1,"is_live":0,"priority":1,"created_at":null,"updated_at":null,"image":"https://api-prod.mortalsoft.online/i/ForestNymphCT.jpg"},{"id":787,"game_id":787,"title":"Formosan Birds","alias":"FormosanBirdsKA","provider":"Ka-Gaming","show":1,"is_live":0,"priority":1,"created_at":null,"updated_at":null,"image":"https://api-prod.mortalsoft.online/i/FormosanBirdsKA.jpg"},{"id":791,"game_id":791,"title":"Fortune God","alias":"FortuneGodKA","provider":"Ka-Gaming","show":1,"is_live":0,"priority":1,"created_at":null,"updated_at":null,"image":"https://api-prod.mortalsoft.online/i/FortuneGodKA.jpg"},{"id":109323,"game_id":109323,"title":"Fortune Mouse","alias":"FortuneMouse","provider":"PGSoft","show":1,"is_live":0,"priority":1,"created_at":null,"updated_at":null,"image":"https://api-prod.mortalsoft.online/i/FortuneMouse.jpg"},{"id":109324,"game_id":109324,"title":"FortuneOx","alias":"FortuneOX","provider":"PGSoft","show":1,"is_live":0,"priority":1,"created_at":null,"updated_at":null,"image":"https://api-prod.mortalsoft.online/i/FortuneOX.jpg"},{"id":109322,"game_id":109322,"title":"Fortune Tiger","alias":"FortuneTiger","provider":"PGSoft","show":1,"is_live":0,"priority":1,"created_at":null,"updated_at":null,"image":"https://api-prod.mortalsoft.online/i/FortuneTiger.jpg"},{"id":797,"game_id":797,"title":"Four Beauties","alias":"FourBeautiesKA","provider":"Ka-Gaming","show":1,"is_live":0,"priority":1,"created_at":null,"updated_at":null,"image":"https://api-prod.mortalsoft.online/i/FourBeautiesKA.jpg"},{"id":105,"game_id":105,"title":"FourQueens","alias":"FourQueens","provider":"Novomatic","show":1,"is_live":0,"priority":1,"created_at":null,"updated_at":null,"image":"https://api-prod.mortalsoft.online/i/FourQueens.jpg"},{"id":1190,"game_id":1190,"title":"FruitParty","alias":"FruitParty","provider":"Pragmatic","show":1,"is_live":0,"priority":1,"created_at":null,"updated_at":null,"image":"https://api-prod.mortalsoft.online/i/FruitParty.jpg"},{"id":1191,"game_id":1191,"title":"FruitParty2","alias":"FruitParty2","provider":"Pragmatic","show":1,"is_live":0,"priority":1,"created_at":null,"updated_at":null,"image":"https://api-prod.mortalsoft.online/i/FruitParty2.jpg"},{"id":1137,"game_id":1137,"title":"FruitRainbow","alias":"FruitRainbow","provider":"Pragmatic","show":1,"is_live":0,"priority":1,"created_at":null,"updated_at":null,"image":"https://api-prod.mortalsoft.online/i/FruitRainbow.jpg"},{"id":29,"game_id":29,"title":"Fruit Sensation","alias":"FruitSensationGT","provider":"Greentube","show":1,"is_live":0,"priority":1,"created_at":null,"updated_at":null,"image":"https://api-prod.mortalsoft.online/i/FruitSensationGT.jpg"},{"id":29,"game_id":29,"title":"Fruit Sensation","alias":"FruitSensationGT","provider":"Instant Wins","show":1,"is_live":0,"priority":1,"created_at":null,"updated_at":null,"image":"https://api-prod.mortalsoft.online/i/FruitSensationGT.jpg"},{"id":31,"game_id":31,"title":"Fruitsn Sevens","alias":"FruitsnSevensDXGT","provider":"Greentube","show":1,"is_live":0,"priority":1,"created_at":null,"updated_at":null,"image":"https://api-prod.mortalsoft.online/i/FruitsnSevensDXGT.jpg"},{"id":30,"game_id":30,"title":"Fruitsn Sevens","alias":"FruitsnSevensGT","provider":"Greentube","show":1,"is_live":0,"priority":1,"created_at":null,"updated_at":null,"image":"https://api-prod.mortalsoft.online/i/FruitsnSevensGT.jpg"},{"id":674,"game_id":674,"title":"Fruits of Desire","alias":"FruitsOfDesireCT","provider":"C-Technology","show":1,"is_live":0,"priority":1,"created_at":null,"updated_at":null,"image":"https://api-prod.mortalsoft.online/i/FruitsOfDesireCT.jpg"},{"id":32,"game_id":32,"title":"Fruits Royals","alias":"FruitsRoyalsGT","provider":"Greentube","show":1,"is_live":0,"priority":1,"created_at":null,"updated_at":null,"image":"https://api-prod.mortalsoft.online/i/FruitsRoyalsGT.jpg"},{"id":150,"game_id":150,"title":"Fruit Tumbling","alias":"FruitTumblingGT","provider":"Greentube","show":1,"is_live":0,"priority":1,"created_at":null,"updated_at":null,"image":"https://api-prod.mortalsoft.online/i/FruitTumblingGT.jpg"},{"id":671,"game_id":671,"title":"Full of Luck","alias":"FullOfLuckCT","provider":"C-Technology","show":1,"is_live":0,"priority":1,"created_at":null,"updated_at":null,"image":"https://api-prod.mortalsoft.online/i/FullOfLuckCT.jpg"},{"id":661,"game_id":661,"title":"Fusion Fruit Beat","alias":"FusionFruitBeatCT","provider":"C-Technology","show":1,"is_live":0,"priority":1,"created_at":null,"updated_at":null,"image":"https://api-prod.mortalsoft.online/i/FusionFruitBeatCT.jpg"},{"id":33,"game_id":33,"title":"Garden of Riches","alias":"GardenOfRichesGT","provider":"Greentube","show":1,"is_live":0,"priority":1,"created_at":null,"updated_at":null,"image":"https://api-prod.mortalsoft.online/i/GardenOfRichesGT.jpg"},{"id":1112,"game_id":1112,"title":"GatesofOlympus","alias":"GatesofOlympus","provider":"Pragmatic","show":1,"is_live":0,"priority":1,"created_at":null,"updated_at":null,"image":"https://api-prod.mortalsoft.online/i/GatesofOlympus.jpg"},{"id":106,"game_id":106,"title":"Geisha","alias":"Geisha","provider":"Novomatic","show":1,"is_live":0,"priority":1,"created_at":null,"updated_at":null,"image":"https://api-prod.mortalsoft.online/i/Geisha.jpg"},{"id":1150,"game_id":1150,"title":"GloriousRome","alias":"GloriousRome","provider":"Pragmatic","show":1,"is_live":0,"priority":1,"created_at":null,"updated_at":null,"image":"https://api-prod.mortalsoft.online/i/GloriousRome.jpg"},{"id":1062,"game_id":1062,"title":"Golden Horns","alias":"GoldenHornsBS","provider":"BetSoft","show":1,"is_live":0,"priority":1,"created_at":null,"updated_at":null,"image":"https://api-prod.mortalsoft.online/i/GoldenHornsBS.jpg"},{"id":107,"game_id":107,"title":"GoldenPlanet","alias":"GoldenPlanet","provider":"Novomatic","show":1,"is_live":0,"priority":1,"created_at":null,"updated_at":null,"image":"https://api-prod.mortalsoft.online/i/GoldenPlanet.jpg"},{"id":34,"game_id":34,"title":"Golden Reel","alias":"GoldenReelGT","provider":"Greentube","show":1,"is_live":0,"priority":1,"created_at":null,"updated_at":null,"image":"https://api-prod.mortalsoft.online/i/GoldenReelGT.jpg"},{"id":36,"game_id":36,"title":"GoldenS evens","alias":"GoldenSevensDXGT","provider":"Greentube","show":1,"is_live":0,"priority":1,"created_at":null,"updated_at":null,"image":"https://api-prod.mortalsoft.online/i/GoldenSevensDXGT.jpg"},{"id":35,"game_id":35,"title":"Golden Sevens","alias":"GoldenSevensGT","provider":"Greentube","show":1,"is_live":0,"priority":1,"created_at":null,"updated_at":null,"image":"https://api-prod.mortalsoft.online/i/GoldenSevensGT.jpg"},{"id":793,"game_id":793,"title":"Golden Shanghai","alias":"GoldenShanghaiKA","provider":"Ka-Gaming","show":1,"is_live":0,"priority":1,"created_at":null,"updated_at":null,"image":"https://api-prod.mortalsoft.online/i/GoldenShanghaiKA.jpg"},{"id":1151,"game_id":1151,"title":"GoldRush","alias":"GoldRush","provider":"Pragmatic","show":1,"is_live":0,"priority":1,"created_at":null,"updated_at":null,"image":"https://api-prod.mortalsoft.online/i/GoldRush.jpg"},{"id":37,"game_id":37,"title":"Gorgeous Goddess","alias":"GorgeousGoddessGT","provider":"Greentube","show":1,"is_live":0,"priority":1,"created_at":null,"updated_at":null,"image":"https://api-prod.mortalsoft.online/i/GorgeousGoddessGT.jpg"},{"id":39,"game_id":39,"title":"Grand Jester","alias":"GrandJesterGT","provider":"Greentube","show":1,"is_live":0,"priority":1,"created_at":null,"updated_at":null,"image":"https://api-prod.mortalsoft.online/i/GrandJesterGT.jpg"},{"id":1134,"game_id":1134,"title":"GreatReef","alias":"GreatReef","provider":"Pragmatic","show":1,"is_live":0,"priority":1,"created_at":null,"updated_at":null,"image":"https://api-prod.mortalsoft.online/i/GreatReef.jpg"},{"id":1113,"game_id":1113,"title":"GreatRhino","alias":"GreatRhino","provider":"Pragmatic","show":1,"is_live":0,"priority":1,"created_at":null,"updated_at":null,"image":"https://api-prod.mortalsoft.online/i/GreatRhino.jpg"},{"id":1114,"game_id":1114,"title":"GreatRhinoDeluxe","alias":"GreatRhinoDeluxe","provider":"Pragmatic","show":1,"is_live":0,"priority":1,"created_at":null,"updated_at":null,"image":"https://api-prod.mortalsoft.online/i/GreatRhinoDeluxe.jpg"},{"id":663,"game_id":663,"title":"Groovy Automat","alias":"GroovyAutomatCT","provider":"C-Technology","show":1,"is_live":0,"priority":1,"created_at":null,"updated_at":null,"image":"https://api-prod.mortalsoft.online/i/GroovyAutomatCT.jpg"},{"id":108,"game_id":108,"title":"GryphonsGold","alias":"GryphonsGold","provider":"Novomatic","show":1,"is_live":0,"priority":1,"created_at":null,"updated_at":null,"image":"https://api-prod.mortalsoft.online/i/GryphonsGold.jpg"},{"id":40,"game_id":40,"title":"Gryphons Gold","alias":"GryphonsGoldDX","provider":"Greentube","show":1,"is_live":0,"priority":1,"created_at":null,"updated_at":null,"image":"https://api-prod.mortalsoft.online/i/GryphonsGoldDX.jpg"},{"id":109,"game_id":109,"title":"HappyHolidays","alias":"HappyHolidays","provider":"Novomatic","show":1,"is_live":0,"priority":1,"created_at":null,"updated_at":null,"image":"https://api-prod.mortalsoft.online/i/HappyHolidays.jpg"},{"id":110,"game_id":110,"title":"HatTrick","alias":"HatTrick","provider":"Novomatic","show":1,"is_live":0,"priority":1,"created_at":null,"updated_at":null,"image":"https://api-prod.mortalsoft.online/i/HatTrick.jpg"},{"id":428,"game_id":428,"title":"Heavenly Ruler","alias":"HeavenlyRulerSW","provider":"Skywind","show":1,"is_live":0,"priority":1,"created_at":null,"updated_at":null,"image":"https://api-prod.mortalsoft.online/i/HeavenlyRulerSW.jpg"},{"id":41,"game_id":41,"title":"Helena","alias":"Helena","provider":"Greentube","show":1,"is_live":0,"priority":1,"created_at":null,"updated_at":null,"image":"https://api-prod.mortalsoft.online/i/Helena.jpg"},{"id":111,"game_id":111,"title":"History","alias":"History","provider":"Novomatic","show":1,"is_live":0,"priority":1,"created_at":null,"updated_at":null,"image":"https://api-prod.mortalsoft.online/i/History.jpg"},{"id":1109,"game_id":1109,"title":"HockeyLeague","alias":"HockeyLeague","provider":"Pragmatic","show":1,"is_live":0,"priority":1,"created_at":null,"updated_at":null,"image":"https://api-prod.mortalsoft.online/i/HockeyLeague.jpg"},{"id":790,"game_id":790,"title":"Horoscope","alias":"HoroscopeKA","provider":"Ka-Gaming","show":1,"is_live":0,"priority":1,"created_at":null,"updated_at":null,"image":"https://api-prod.mortalsoft.online/i/HoroscopeKA.jpg"},{"id":1153,"game_id":1153,"title":"HotSafari","alias":"HotSafari","provider":"Pragmatic","show":1,"is_live":0,"priority":1,"created_at":null,"updated_at":null,"image":"https://api-prod.mortalsoft.online/i/HotSafari.jpg"},{"id":112,"game_id":112,"title":"HotTarget","alias":"HotTarget","provider":"Novomatic","show":1,"is_live":0,"priority":1,"created_at":null,"updated_at":null,"image":"https://api-prod.mortalsoft.online/i/HotTarget.jpg"},{"id":1117,"game_id":1117,"title":"HotToBurn","alias":"HotToBurn","provider":"Pragmatic","show":1,"is_live":0,"priority":1,"created_at":null,"updated_at":null,"image":"https://api-prod.mortalsoft.online/i/HotToBurn.jpg"},{"id":1120,"game_id":1120,"title":"HottoBurnExtreme","alias":"HottoBurnExtreme","provider":"Pragmatic","show":1,"is_live":0,"priority":1,"created_at":null,"updated_at":null,"image":"https://api-prod.mortalsoft.online/i/HottoBurnExtreme.jpg"},{"id":113,"game_id":113,"title":"Illusionist","alias":"Illusionist","provider":"Novomatic","show":1,"is_live":0,"priority":1,"created_at":null,"updated_at":null,"image":"https://api-prod.mortalsoft.online/i/Illusionist.jpg"},{"id":788,"game_id":788,"title":"Imperial Girls","alias":"ImperialGirlsKA","provider":"Ka-Gaming","show":1,"is_live":0,"priority":1,"created_at":null,"updated_at":null,"image":"https://api-prod.mortalsoft.online/i/ImperialGirlsKA.jpg"},{"id":43,"game_id":43,"title":"Jackpot Crown","alias":"JackpotCrownGT","provider":"Greentube","show":1,"is_live":0,"priority":1,"created_at":null,"updated_at":null,"image":"https://api-prod.mortalsoft.online/i/JackpotCrownGT.jpg"},{"id":665,"game_id":665,"title":"Jade Heaven","alias":"JadeHeavenCT","provider":"C-Technology","show":1,"is_live":0,"priority":1,"created_at":null,"updated_at":null,"image":"https://api-prod.mortalsoft.online/i/JadeHeavenCT.jpg"},{"id":863,"game_id":863,"title":"Jaguar Mist","alias":"JaguarMistAT","provider":"Aristocrat","show":1,"is_live":0,"priority":1,"created_at":null,"updated_at":null,"image":"https://api-prod.mortalsoft.online/i/JaguarMistAT.jpg"},{"id":777,"game_id":777,"title":"Jelly Mania","alias":"JellyManiaKA","provider":"Ka-Gaming","show":1,"is_live":0,"priority":1,"created_at":null,"updated_at":null,"image":"https://api-prod.mortalsoft.online/i/JellyManiaKA.jpg"},{"id":44,"game_id":44,"title":"Jesters Crown","alias":"JestersCrownGT","provider":"Greentube","show":1,"is_live":0,"priority":1,"created_at":null,"updated_at":null,"image":"https://api-prod.mortalsoft.online/i/JestersCrownGT.jpg"},{"id":1127,"game_id":1127,"title":"JohnHunterAndTheMayanGods","alias":"JohnHunterAndTheMayanGods","provider":"Pragmatic","show":1,"is_live":0,"priority":1,"created_at":null,"updated_at":null,"image":"https://api-prod.mortalsoft.online/i/JohnHunterAndTheMayanGods.jpg"},{"id":1179,"game_id":1179,"title":"JokerKing","alias":"JokerKing","provider":"Pragmatic","show":1,"is_live":0,"priority":1,"created_at":null,"updated_at":null,"image":"https://api-prod.mortalsoft.online/i/JokerKing.jpg"},{"id":506,"game_id":506,"title":"Jokers Jewel","alias":"JokersJewelPM","provider":"Pragmatic","show":1,"is_live":0,"priority":1,"created_at":null,"updated_at":null,"image":"https://api-prod.mortalsoft.online/i/JokersJewelPM.jpg"},{"id":802,"game_id":802,"title":"Joker Slot","alias":"JokerSlotKA","provider":"Ka-Gaming","show":1,"is_live":0,"priority":1,"created_at":null,"updated_at":null,"image":"https://api-prod.mortalsoft.online/i/JokerSlotKA.jpg"},{"id":45,"game_id":45,"title":"Jolly Fruits","alias":"JollyFruitsGT","provider":"Greentube","show":1,"is_live":0,"priority":1,"created_at":null,"updated_at":null,"image":"https://api-prod.mortalsoft.online/i/JollyFruitsGT.jpg"},{"id":792,"game_id":792,"title":"Journey To West","alias":"JourneyToWestKA","provider":"Ka-Gaming","show":1,"is_live":0,"priority":1,"created_at":null,"updated_at":null,"image":"https://api-prod.mortalsoft.online/i/JourneyToWestKA.jpg"},{"id":1177,"game_id":1177,"title":"JuicyFruits","alias":"JuicyFruits","provider":"Pragmatic","show":1,"is_live":0,"priority":1,"created_at":null,"updated_at":null,"image":"https://api-prod.mortalsoft.online/i/JuicyFruits.jpg"},{"id":114,"game_id":114,"title":"JustJewels","alias":"JustJewels","provider":"Novomatic","show":1,"is_live":0,"priority":1,"created_at":null,"updated_at":null,"image":"https://api-prod.mortalsoft.online/i/JustJewels.jpg"},{"id":47,"game_id":47,"title":"Just JewelsDX","alias":"JustJewelsDX","provider":"Greentube","show":1,"is_live":0,"priority":1,"created_at":null,"updated_at":null,"image":"https://api-prod.mortalsoft.online/i/JustJewelsDX.jpg"},{"id":886,"game_id":886,"title":"Keno Pop1","alias":"KenoPop1x2","provider":"Keno","show":1,"is_live":0,"priority":1,"created_at":null,"updated_at":null,"image":"https://api-prod.mortalsoft.online/i/KenoPop1x2.jpg"},{"id":1304,"game_id":1304,"title":"KingdomOfAsgard","alias":"KingdomOfAsgard","provider":"Pragmatic","show":1,"is_live":0,"priority":1,"created_at":null,"updated_at":null,"image":"https://api-prod.mortalsoft.online/i/KingdomOfAsgard.jpg"},{"id":115,"game_id":115,"title":"KingOfCards","alias":"KingOfCards","provider":"Novomatic","show":1,"is_live":0,"priority":1,"created_at":null,"updated_at":null,"image":"https://api-prod.mortalsoft.online/i/KingOfCards.jpg"},{"id":49,"game_id":49,"title":"King of Cards","alias":"KingOfCardsDXGT","provider":"Greentube","show":1,"is_live":0,"priority":1,"created_at":null,"updated_at":null,"image":"https://api-prod.mortalsoft.online/i/KingOfCardsDXGT.jpg"},{"id":116,"game_id":116,"title":"KingOfCash","alias":"KingOfCash","provider":"Novomatic","show":1,"is_live":0,"priority":1,"created_at":null,"updated_at":null,"image":"https://api-prod.mortalsoft.online/i/KingOfCash.jpg"},{"id":50,"game_id":50,"title":"Kings Jester","alias":"KingsJesterGT","provider":"Greentube","show":1,"is_live":0,"priority":1,"created_at":null,"updated_at":null,"image":"https://api-prod.mortalsoft.online/i/KingsJesterGT.jpg"},{"id":51,"game_id":51,"title":"Kings Treasure","alias":"KingsTreasureGT","provider":"Greentube","show":1,"is_live":0,"priority":1,"created_at":null,"updated_at":null,"image":"https://api-prod.mortalsoft.online/i/KingsTreasureGT.jpg"},{"id":1155,"game_id":1155,"title":"LadyGodiva","alias":"LadyGodiva","provider":"Pragmatic","show":1,"is_live":0,"priority":1,"created_at":null,"updated_at":null,"image":"https://api-prod.mortalsoft.online/i/LadyGodiva.jpg"},{"id":52,"game_id":52,"title":"Lady Jester","alias":"LadyJesterGT","provider":"Greentube","show":1,"is_live":0,"priority":1,"created_at":null,"updated_at":null,"image":"https://api-prod.mortalsoft.online/i/LadyJesterGT.jpg"},{"id":771,"game_id":771,"title":"Legend Of The White Snake","alias":"LegendOfTheWhiteSnakeKA","provider":"Ka-Gaming","show":1,"is_live":0,"priority":1,"created_at":null,"updated_at":null,"image":"https://api-prod.mortalsoft.online/i/LegendOfTheWhiteSnakeKA.jpg"},{"id":1012,"game_id":1012,"title":"Leprechaun Goes Wild","alias":"LeprechaunGoesWildPG","provider":"Playngo","show":1,"is_live":0,"priority":1,"created_at":null,"updated_at":null,"image":"https://api-prod.mortalsoft.online/i/LeprechaunGoesWildPG.jpg"},{"id":855,"game_id":855,"title":"Lions 50","alias":"Lions50AT","provider":"Aristocrat","show":1,"is_live":0,"priority":1,"created_at":null,"updated_at":null,"image":"https://api-prod.mortalsoft.online/i/Lions50AT.jpg"},{"id":789,"game_id":789,"title":"Live Streaming Star","alias":"LiveStreamingStarKA","provider":"Ka-Gaming","show":1,"is_live":0,"priority":1,"created_at":null,"updated_at":null,"image":"https://api-prod.mortalsoft.online/i/LiveStreamingStarKA.jpg"},{"id":763,"game_id":763,"title":"Lost Realm","alias":"LostRealmKA","provider":"Ka-Gaming","show":1,"is_live":0,"priority":1,"created_at":null,"updated_at":null,"image":"https://api-prod.mortalsoft.online/i/LostRealmKA.jpg"},{"id":806,"game_id":806,"title":"Lotus Lamp","alias":"LotusLampKA","provider":"Ka-Gaming","show":1,"is_live":0,"priority":1,"created_at":null,"updated_at":null,"image":"https://api-prod.mortalsoft.online/i/LotusLampKA.jpg"},{"id":1066,"game_id":1066,"title":"Lucky 7","alias":"Lucky7BS","provider":"BetSoft","show":1,"is_live":0,"priority":1,"created_at":null,"updated_at":null,"image":"https://api-prod.mortalsoft.online/i/Lucky7BS.jpg"},{"id":864,"game_id":864,"title":"Lucky 88","alias":"Lucky88AT","provider":"Aristocrat","show":1,"is_live":0,"priority":1,"created_at":null,"updated_at":null,"image":"https://api-prod.mortalsoft.online/i/Lucky88AT.jpg"},{"id":668,"game_id":668,"title":"Lucky Clover","alias":"LuckyCloverCT","provider":"C-Technology","show":1,"is_live":0,"priority":1,"created_at":null,"updated_at":null,"image":"https://api-prod.mortalsoft.online/i/LuckyCloverCT.jpg"},{"id":865,"game_id":865,"title":"Lucky Count","alias":"LuckyCountAT","provider":"Aristocrat","show":1,"is_live":0,"priority":1,"created_at":null,"updated_at":null,"image":"https://api-prod.mortalsoft.online/i/LuckyCountAT.jpg"},{"id":117,"game_id":117,"title":"LuckyGirls","alias":"LuckyGirls","provider":"Novomatic","show":1,"is_live":0,"priority":1,"created_at":null,"updated_at":null,"image":"https://api-prod.mortalsoft.online/i/LuckyGirls.jpg"},{"id":54,"game_id":54,"title":"Lucky Jolly","alias":"LuckyJollyGT","provider":"Greentube","show":1,"is_live":0,"priority":1,"created_at":null,"updated_at":null,"image":"https://api-prod.mortalsoft.online/i/LuckyJollyGT.jpg"},{"id":889,"game_id":889,"title":"Lucky Keno","alias":"LuckyKenoPP","provider":"Keno","show":1,"is_live":0,"priority":1,"created_at":null,"updated_at":null,"image":"https://api-prod.mortalsoft.online/i/LuckyKenoPP.jpg"},{"id":118,"game_id":118,"title":"LuckyLadysCharm","alias":"LuckyLadysCharm","provider":"Novomatic","show":1,"is_live":0,"priority":1,"created_at":null,"updated_at":null,"image":"https://api-prod.mortalsoft.online/i/LuckyLadysCharm.jpg"},{"id":55,"game_id":55,"title":"Lucky Ladys Charm","alias":"LuckyLadysCharmCL","provider":"Greentube","show":1,"is_live":0,"priority":1,"created_at":null,"updated_at":null,"image":"https://api-prod.mortalsoft.online/i/LuckyLadysCharmCL.jpg"},{"id":56,"game_id":56,"title":"Lucky Ladys Charm","alias":"LuckyLadysCharmDX","provider":"Greentube","show":1,"is_live":0,"priority":1,"created_at":null,"updated_at":null,"image":"https://api-prod.mortalsoft.online/i/LuckyLadysCharmDX.jpg"},{"id":151,"game_id":151,"title":"Lucky Ladys Charm 6","alias":"LuckyLadysCharmDX6GT","provider":"Greentube","show":1,"is_live":0,"priority":1,"created_at":null,"updated_at":null,"image":"https://api-prod.mortalsoft.online/i/LuckyLadysCharmDX6GT.jpg"},{"id":1157,"game_id":1157,"title":"LuckyNewYear","alias":"LuckyNewYear","provider":"Pragmatic","show":1,"is_live":0,"priority":1,"created_at":null,"updated_at":null,"image":"https://api-prod.mortalsoft.online/i/LuckyNewYear.jpg"},{"id":1188,"game_id":1188,"title":"LuckyNewYearTigerTreasures","alias":"LuckyNewYearTigerTreasures","provider":"Pragmatic","show":1,"is_live":0,"priority":1,"created_at":null,"updated_at":null,"image":"https://api-prod.mortalsoft.online/i/LuckyNewYearTigerTreasures.jpg"},{"id":119,"game_id":119,"title":"LuckyPinups","alias":"LuckyPinups","provider":"Novomatic","show":1,"is_live":0,"priority":1,"created_at":null,"updated_at":null,"image":"https://api-prod.mortalsoft.online/i/LuckyPinups.jpg"},{"id":152,"game_id":152,"title":"Magic 27","alias":"Magic27GT","provider":"Greentube","show":1,"is_live":0,"priority":1,"created_at":null,"updated_at":null,"image":"https://api-prod.mortalsoft.online/i/Magic27GT.jpg"},{"id":120,"game_id":120,"title":"MagicFlute","alias":"MagicFlute","provider":"Novomatic","show":1,"is_live":0,"priority":1,"created_at":null,"updated_at":null,"image":"https://api-prod.mortalsoft.online/i/MagicFlute.jpg"},{"id":121,"game_id":121,"title":"MagicForest","alias":"MagicForest","provider":"Novomatic","show":1,"is_live":0,"priority":1,"created_at":null,"updated_at":null,"image":"https://api-prod.mortalsoft.online/i/MagicForest.jpg"},{"id":122,"game_id":122,"title":"MagicPrincess","alias":"MagicPrincess","provider":"Novomatic","show":1,"is_live":0,"priority":1,"created_at":null,"updated_at":null,"image":"https://api-prod.mortalsoft.online/i/MagicPrincess.jpg"},{"id":57,"game_id":57,"title":"Magic Princess","alias":"MagicPrincessDXGT","provider":"Greentube","show":1,"is_live":0,"priority":1,"created_at":null,"updated_at":null,"image":"https://api-prod.mortalsoft.online/i/MagicPrincessDXGT.jpg"},{"id":123,"game_id":123,"title":"MarkoPolo","alias":"MarkoPolo","provider":"Novomatic","show":1,"is_live":0,"priority":1,"created_at":null,"updated_at":null,"image":"https://api-prod.mortalsoft.online/i/MarkoPolo.jpg"},{"id":58,"game_id":58,"title":"Mega Joker","alias":"MegaJokerGT","provider":"Greentube","show":1,"is_live":0,"priority":1,"created_at":null,"updated_at":null,"image":"https://api-prod.mortalsoft.online/i/MegaJokerGT.jpg"},{"id":658,"game_id":658,"title":"Mega Slot 40","alias":"MegaSlot40CT","provider":"C-Technology","show":1,"is_live":0,"priority":1,"created_at":null,"updated_at":null,"image":"https://api-prod.mortalsoft.online/i/MegaSlot40CT.jpg"},{"id":124,"game_id":124,"title":"MermaidsPearl","alias":"MermaidsPearl","provider":"Novomatic","show":1,"is_live":0,"priority":1,"created_at":null,"updated_at":null,"image":"https://api-prod.mortalsoft.online/i/MermaidsPearl.jpg"},{"id":59,"game_id":59,"title":"Mermaids Pearl","alias":"MermaidsPearlDXGT","provider":"Greentube","show":1,"is_live":0,"priority":1,"created_at":null,"updated_at":null,"image":"https://api-prod.mortalsoft.online/i/MermaidsPearlDXGT.jpg"},{"id":675,"game_id":675,"title":"Mighty Rex","alias":"MightyRexCT","provider":"C-Technology","show":1,"is_live":0,"priority":1,"created_at":null,"updated_at":null,"image":"https://api-prod.mortalsoft.online/i/MightyRexCT.jpg"},{"id":667,"game_id":667,"title":"Milady x2","alias":"MiladyX2CT","provider":"C-Technology","show":1,"is_live":0,"priority":1,"created_at":null,"updated_at":null,"image":"https://api-prod.mortalsoft.online/i/MiladyX2CT.jpg"},{"id":785,"game_id":785,"title":"Super Video Poker","alias":"MingImperialGuardsKA","provider":"Ka-Gaming","show":1,"is_live":0,"priority":1,"created_at":null,"updated_at":null,"image":"https://api-prod.mortalsoft.online/i/MingImperialGuardsKA.jpg"},{"id":866,"game_id":866,"title":"Miss Kitty","alias":"MissKittyAT","provider":"Aristocrat","show":1,"is_live":0,"priority":1,"created_at":null,"updated_at":null,"image":"https://api-prod.mortalsoft.online/i/MissKittyAT.jpg"},{"id":125,"game_id":125,"title":"MoneyGame","alias":"MoneyGame","provider":"Novomatic","show":1,"is_live":0,"priority":1,"created_at":null,"updated_at":null,"image":"https://api-prod.mortalsoft.online/i/MoneyGame.jpg"},{"id":60,"game_id":60,"title":"Money Game","alias":"MoneyGameDX","provider":"Greentube","show":1,"is_live":0,"priority":1,"created_at":null,"updated_at":null,"image":"https://api-prod.mortalsoft.online/i/MoneyGameDX.jpg"},{"id":1158,"game_id":1158,"title":"MoneyMouse","alias":"MoneyMouse","provider":"Pragmatic","show":1,"is_live":0,"priority":1,"created_at":null,"updated_at":null,"image":"https://api-prod.mortalsoft.online/i/MoneyMouse.jpg"},{"id":867,"game_id":867,"title":"Moon Festival","alias":"MoonFestivalAT","provider":"Aristocrat","show":1,"is_live":0,"priority":1,"created_at":null,"updated_at":null,"image":"https://api-prod.mortalsoft.online/i/MoonFestivalAT.jpg"},{"id":126,"game_id":126,"title":"Mosquitos","alias":"Mosquitos","provider":"Novomatic","show":1,"is_live":0,"priority":1,"created_at":null,"updated_at":null,"image":"https://api-prod.mortalsoft.online/i/Mosquitos.jpg"},{"id":775,"game_id":775,"title":"Muscle Cars","alias":"MuscleCarsKA","provider":"Ka-Gaming","show":1,"is_live":0,"priority":1,"created_at":null,"updated_at":null,"image":"https://api-prod.mortalsoft.online/i/MuscleCarsKA.jpg"},{"id":1159,"game_id":1159,"title":"MustangGold","alias":"MustangGold","provider":"Pragmatic","show":1,"is_live":0,"priority":1,"created_at":null,"updated_at":null,"image":"https://api-prod.mortalsoft.online/i/MustangGold.jpg"},{"id":1160,"game_id":1160,"title":"MysteriousEgypt","alias":"MysteriousEgypt","provider":"Pragmatic","show":1,"is_live":0,"priority":1,"created_at":null,"updated_at":null,"image":"https://api-prod.mortalsoft.online/i/MysteriousEgypt.jpg"},{"id":61,"game_id":61,"title":"Mystery Star","alias":"MysteryStarGT","provider":"Greentube","show":1,"is_live":0,"priority":1,"created_at":null,"updated_at":null,"image":"https://api-prod.mortalsoft.online/i/MysteryStarGT.jpg"},{"id":684,"game_id":684,"title":"Navy Girl","alias":"NavyGirlCT","provider":"C-Technology","show":1,"is_live":0,"priority":1,"created_at":null,"updated_at":null,"image":"https://api-prod.mortalsoft.online/i/NavyGirlCT.jpg"},{"id":756,"game_id":756,"title":"Nine Lucks","alias":"NineLucksKA","provider":"Ka-Gaming","show":1,"is_live":0,"priority":1,"created_at":null,"updated_at":null,"image":"https://api-prod.mortalsoft.online/i/NineLucksKA.jpg"},{"id":127,"game_id":127,"title":"OliversBar","alias":"OliversBar","provider":"Novomatic","show":1,"is_live":0,"priority":1,"created_at":null,"updated_at":null,"image":"https://api-prod.mortalsoft.online/i/OliversBar.jpg"},{"id":63,"game_id":63,"title":"Orca","alias":"OrcaGT","provider":"Greentube","show":1,"is_live":0,"priority":1,"created_at":null,"updated_at":null,"image":"https://api-prod.mortalsoft.online/i/OrcaGT.jpg"},{"id":764,"game_id":764,"title":"Origin Of Fire","alias":"OriginOfFireKA","provider":"Ka-Gaming","show":1,"is_live":0,"priority":1,"created_at":null,"updated_at":null,"image":"https://api-prod.mortalsoft.online/i/OriginOfFireKA.jpg"},{"id":1161,"game_id":1161,"title":"PandasFortune","alias":"PandasFortune","provider":"Pragmatic","show":1,"is_live":0,"priority":1,"created_at":null,"updated_at":null,"image":"https://api-prod.mortalsoft.online/i/PandasFortune.jpg"},{"id":1162,"game_id":1162,"title":"PandasFortune2","alias":"PandasFortune2","provider":"Pragmatic","show":1,"is_live":0,"priority":1,"created_at":null,"updated_at":null,"image":"https://api-prod.mortalsoft.online/i/PandasFortune2.jpg"},{"id":128,"game_id":128,"title":"PantherMoon","alias":"PantherMoon","provider":"Novomatic","show":1,"is_live":0,"priority":1,"created_at":null,"updated_at":null,"image":"https://api-prod.mortalsoft.online/i/PantherMoon.jpg"},{"id":758,"game_id":758,"title":"Party Girl Ways","alias":"PartyGirlWaysKA","provider":"Ka-Gaming","show":1,"is_live":0,"priority":1,"created_at":null,"updated_at":null,"image":"https://api-prod.mortalsoft.online/i/PartyGirlWaysKA.jpg"},{"id":868,"game_id":868,"title":"Pelican Pete","alias":"PelicanPeteAT","provider":"Aristocrat","show":1,"is_live":0,"priority":1,"created_at":null,"updated_at":null,"image":"https://api-prod.mortalsoft.online/i/PelicanPeteAT.jpg"},{"id":129,"game_id":129,"title":"PharaonsGold2","alias":"PharaonsGold2","provider":"Novomatic","show":1,"is_live":0,"priority":1,"created_at":null,"updated_at":null,"image":"https://api-prod.mortalsoft.online/i/PharaonsGold2.jpg"},{"id":130,"game_id":130,"title":"PharaonsGold2DX","alias":"PharaonsGold2DX","provider":"Novomatic","show":1,"is_live":0,"priority":1,"created_at":null,"updated_at":null,"image":"https://api-prod.mortalsoft.online/i/PharaonsGold2DX.jpg"},{"id":131,"game_id":131,"title":"PharaonsGold3","alias":"PharaonsGold3","provider":"Novomatic","show":1,"is_live":0,"priority":1,"created_at":null,"updated_at":null,"image":"https://api-prod.mortalsoft.online/i/PharaonsGold3.jpg"},{"id":64,"game_id":64,"title":"Pharaons Gold","alias":"PharaonsGoldDX","provider":"Greentube","show":1,"is_live":0,"priority":1,"created_at":null,"updated_at":null,"image":"https://api-prod.mortalsoft.online/i/PharaonsGoldDX.jpg"},{"id":109325,"game_id":109325,"title":"Phoenix Rises","alias":"PhoenixRises","provider":"PGSoft","show":1,"is_live":0,"priority":1,"created_at":null,"updated_at":null,"image":"https://api-prod.mortalsoft.online/i/PhoenixRises.jpg"},{"id":750,"game_id":750,"title":"Pinocchio","alias":"PinocchioKA","provider":"Ka-Gaming","show":1,"is_live":0,"priority":1,"created_at":null,"updated_at":null,"image":"https://api-prod.mortalsoft.online/i/PinocchioKA.jpg"},{"id":1164,"game_id":1164,"title":"PirateGoldDeluxe","alias":"PirateGoldDeluxe","provider":"Pragmatic","show":1,"is_live":0,"priority":1,"created_at":null,"updated_at":null,"image":"https://api-prod.mortalsoft.online/i/PirateGoldDeluxe.jpg"},{"id":1165,"game_id":1165,"title":"PirateGoldenAge","alias":"PirateGoldenAge","provider":"Pragmatic","show":1,"is_live":0,"priority":1,"created_at":null,"updated_at":null,"image":"https://api-prod.mortalsoft.online/i/PirateGoldenAge.jpg"},{"id":65,"game_id":65,"title":"Plenty of Fruit 20","alias":"PlentyOfFruit20GT","provider":"Greentube","show":1,"is_live":0,"priority":1,"created_at":null,"updated_at":null,"image":"https://api-prod.mortalsoft.online/i/PlentyOfFruit20GT.jpg"},{"id":66,"game_id":66,"title":"Plenty of Fruit 40","alias":"PlentyOfFruit40GT","provider":"Greentube","show":1,"is_live":0,"priority":1,"created_at":null,"updated_at":null,"image":"https://api-prod.mortalsoft.online/i/PlentyOfFruit40GT.jpg"},{"id":154,"game_id":154,"title":"Plenty of Jewels 20 Hot","alias":"PlentyOfJewels20HotGT","provider":"Greentube","show":1,"is_live":0,"priority":1,"created_at":null,"updated_at":null,"image":"https://api-prod.mortalsoft.online/i/PlentyOfJewels20HotGT.jpg"},{"id":132,"game_id":132,"title":"PolarFox","alias":"PolarFox","provider":"Novomatic","show":1,"is_live":0,"priority":1,"created_at":null,"updated_at":null,"image":"https://api-prod.mortalsoft.online/i/PolarFox.jpg"},{"id":784,"game_id":784,"title":"Polynesian","alias":"PolynesianKA","provider":"Ka-Gaming","show":1,"is_live":0,"priority":1,"created_at":null,"updated_at":null,"image":"https://api-prod.mortalsoft.online/i/PolynesianKA.jpg"},{"id":869,"game_id":869,"title":"Pompeii","alias":"PompeiiAT","provider":"Aristocrat","show":1,"is_live":0,"priority":1,"created_at":null,"updated_at":null,"image":"https://api-prod.mortalsoft.online/i/PompeiiAT.jpg"},{"id":155,"game_id":155,"title":"Power Stars","alias":"PowerStarsGT","provider":"Greentube","show":1,"is_live":0,"priority":1,"created_at":null,"updated_at":null,"image":"https://api-prod.mortalsoft.online/i/PowerStarsGT.jpg"},{"id":1060,"game_id":1060,"title":"Primal Hunt","alias":"PrimalHuntBS","provider":"BetSoft","show":1,"is_live":0,"priority":1,"created_at":null,"updated_at":null,"image":"https://api-prod.mortalsoft.online/i/PrimalHuntBS.jpg"},{"id":769,"game_id":769,"title":"Primeval Rainforest","alias":"PrimevalRainforestKA","provider":"Ka-Gaming","show":1,"is_live":0,"priority":1,"created_at":null,"updated_at":null,"image":"https://api-prod.mortalsoft.online/i/PrimevalRainforestKA.jpg"},{"id":795,"game_id":795,"title":"Princess Wencheng","alias":"PrincessWenchengKA","provider":"Ka-Gaming","show":1,"is_live":0,"priority":1,"created_at":null,"updated_at":null,"image":"https://api-prod.mortalsoft.online/i/PrincessWenchengKA.jpg"},{"id":680,"game_id":680,"title":"Purple Hot 2","alias":"PurpleHot2CT","provider":"C-Technology","show":1,"is_live":0,"priority":1,"created_at":null,"updated_at":null,"image":"https://api-prod.mortalsoft.online/i/PurpleHot2CT.jpg"},{"id":1108,"game_id":1108,"title":"PyramidBonanza","alias":"PyramidBonanza","provider":"Pragmatic","show":1,"is_live":0,"priority":1,"created_at":null,"updated_at":null,"image":"https://api-prod.mortalsoft.online/i/PyramidBonanza.jpg"},{"id":1166,"game_id":1166,"title":"PyramidKing","alias":"PyramidKing","provider":"Pragmatic","show":1,"is_live":0,"priority":1,"created_at":null,"updated_at":null,"image":"https://api-prod.mortalsoft.online/i/PyramidKing.jpg"},{"id":109326,"game_id":109326,"title":"Queen Of Bounty","alias":"QueenOfBounty","provider":"PGSoft","show":1,"is_live":0,"priority":1,"created_at":null,"updated_at":null,"image":"https://api-prod.mortalsoft.online/i/QueenOfBounty.jpg"},{"id":133,"game_id":133,"title":"QueenOfHearts","alias":"QueenOfHearts","provider":"Novomatic","show":1,"is_live":0,"priority":1,"created_at":null,"updated_at":null,"image":"https://api-prod.mortalsoft.online/i/QueenOfHearts.jpg"},{"id":169,"game_id":169,"title":"Queen Of Nile","alias":"QueenOfNile","provider":"Aristocrat","show":1,"is_live":0,"priority":1,"created_at":null,"updated_at":null,"image":"https://api-prod.mortalsoft.online/i/QueenOfNile.jpg"},{"id":870,"game_id":870,"title":"Queen Of The Nile II","alias":"QueenOfTheNileIIAT","provider":"Aristocrat","show":1,"is_live":0,"priority":1,"created_at":null,"updated_at":null,"image":"https://api-prod.mortalsoft.online/i/QueenOfTheNileIIAT.jpg"},{"id":1063,"game_id":1063,"title":"Quest To The West","alias":"QuestToTheWestBS","provider":"BetSoft","show":1,"is_live":0,"priority":1,"created_at":null,"updated_at":null,"image":"https://api-prod.mortalsoft.online/i/QuestToTheWestBS.jpg"},{"id":753,"game_id":753,"title":"Quick Play Jewels","alias":"QuickPlayJewelsKA","provider":"Ka-Gaming","show":1,"is_live":0,"priority":1,"created_at":null,"updated_at":null,"image":"https://api-prod.mortalsoft.online/i/QuickPlayJewelsKA.jpg"},{"id":134,"game_id":134,"title":"Ramses 2","alias":"Ramses2","provider":"Novomatic","show":1,"is_live":0,"priority":1,"created_at":null,"updated_at":null,"image":"https://api-prod.mortalsoft.online/i/Ramses2.jpg"},{"id":67,"game_id":67,"title":"Ramses2DX","alias":"Ramses2DXGT","provider":"Greentube","show":1,"is_live":0,"priority":1,"created_at":null,"updated_at":null,"image":"https://api-prod.mortalsoft.online/i/Ramses2DXGT.jpg"},{"id":770,"game_id":770,"title":"Rarities","alias":"RaritiesKA","provider":"Ka-Gaming","show":1,"is_live":0,"priority":1,"created_at":null,"updated_at":null,"image":"https://api-prod.mortalsoft.online/i/RaritiesKA.jpg"},{"id":135,"game_id":135,"title":"RedHot","alias":"RedHot","provider":"Novomatic","show":1,"is_live":0,"priority":1,"created_at":null,"updated_at":null,"image":"https://api-prod.mortalsoft.online/i/RedHot.jpg"},{"id":748,"game_id":748,"title":"Red Riding Hood","alias":"RedRidingHoodKA","provider":"Ka-Gaming","show":1,"is_live":0,"priority":1,"created_at":null,"updated_at":null,"image":"https://api-prod.mortalsoft.online/i/RedRidingHoodKA.jpg"},{"id":1099,"game_id":1099,"title":"ReturnOfTtheDead","alias":"ReturnOfTtheDead","provider":"Pragmatic","show":1,"is_live":0,"priority":1,"created_at":null,"updated_at":null,"image":"https://api-prod.mortalsoft.online/i/ReturnOfTtheDead.jpg"},{"id":1015,"game_id":1015,"title":"Riches of Robin","alias":"RichesOfRobinPG","provider":"Playngo","show":1,"is_live":0,"priority":1,"created_at":null,"updated_at":null,"image":"https://api-prod.mortalsoft.online/i/RichesOfRobinPG.jpg"},{"id":1011,"game_id":1011,"title":"Rich Wilde and Shield of Athena","alias":"RichWildeAndTheShieldOfAthenaPG","provider":"Playngo","show":1,"is_live":0,"priority":1,"created_at":null,"updated_at":null,"image":"https://api-prod.mortalsoft.online/i/RichWildeAndTheShieldOfAthenaPG.jpg"},{"id":1016,"game_id":1016,"title":"Ring of Odin","alias":"RingOfOdinPG","provider":"Playngo","show":1,"is_live":0,"priority":1,"created_at":null,"updated_at":null,"image":"https://api-prod.mortalsoft.online/i/RingOfOdinPG.jpg"},{"id":70,"game_id":70,"title":"Rings of Fortune","alias":"RingsOfFortuneGT","provider":"Greentube","show":1,"is_live":0,"priority":1,"created_at":null,"updated_at":null,"image":"https://api-prod.mortalsoft.online/i/RingsOfFortuneGT.jpg"},{"id":1135,"game_id":1135,"title":"RiseOfSamurai3","alias":"RiseOfSamurai3","provider":"Pragmatic","show":1,"is_live":0,"priority":1,"created_at":null,"updated_at":null,"image":"https://api-prod.mortalsoft.online/i/RiseOfSamurai3.jpg"},{"id":801,"game_id":801,"title":"Robots","alias":"RobotsKA","provider":"Ka-Gaming","show":1,"is_live":0,"priority":1,"created_at":null,"updated_at":null,"image":"https://api-prod.mortalsoft.online/i/RobotsKA.jpg"},{"id":796,"game_id":796,"title":"Route 66","alias":"Route66KA","provider":"Ka-Gaming","show":1,"is_live":0,"priority":1,"created_at":null,"updated_at":null,"image":"https://api-prod.mortalsoft.online/i/Route66KA.jpg"},{"id":805,"game_id":805,"title":"Royal Demeanor","alias":"RoyalDemeanorKA","provider":"Ka-Gaming","show":1,"is_live":0,"priority":1,"created_at":null,"updated_at":null,"image":"https://api-prod.mortalsoft.online/i/RoyalDemeanorKA.jpg"},{"id":136,"game_id":136,"title":"RoyalTreasures","alias":"RoyalTreasures","provider":"Novomatic","show":1,"is_live":0,"priority":1,"created_at":null,"updated_at":null,"image":"https://api-prod.mortalsoft.online/i/RoyalTreasures.jpg"},{"id":166,"game_id":166,"title":"Rumpel Wildspins","alias":"RumpelWildspinsGT","provider":"Greentube","show":1,"is_live":0,"priority":1,"created_at":null,"updated_at":null,"image":"https://api-prod.mortalsoft.online/i/RumpelWildspinsGT.jpg"},{"id":137,"game_id":137,"title":"Russian","alias":"Russian","provider":"Novomatic","show":1,"is_live":0,"priority":1,"created_at":null,"updated_at":null,"image":"https://api-prod.mortalsoft.online/i/Russian.jpg"},{"id":138,"game_id":138,"title":"SafariHeat","alias":"SafariHeat","provider":"Novomatic","show":1,"is_live":0,"priority":1,"created_at":null,"updated_at":null,"image":"https://api-prod.mortalsoft.online/i/SafariHeat.jpg"},{"id":1173,"game_id":1173,"title":"SafariKing","alias":"SafariKing","provider":"Pragmatic","show":1,"is_live":0,"priority":1,"created_at":null,"updated_at":null,"image":"https://api-prod.mortalsoft.online/i/SafariKing.jpg"},{"id":71,"game_id":71,"title":"Sea Sirens","alias":"SeaSirensGT","provider":"Greentube","show":1,"is_live":0,"priority":1,"created_at":null,"updated_at":null,"image":"https://api-prod.mortalsoft.online/i/SeaSirensGT.jpg"},{"id":139,"game_id":139,"title":"SecretForest","alias":"SecretForest","provider":"Novomatic","show":1,"is_live":0,"priority":1,"created_at":null,"updated_at":null,"image":"https://api-prod.mortalsoft.online/i/SecretForest.jpg"},{"id":1107,"game_id":1107,"title":"ShiningHot100","alias":"ShiningHot100","provider":"Pragmatic","show":1,"is_live":0,"priority":1,"created_at":null,"updated_at":null,"image":"https://api-prod.mortalsoft.online/i/ShiningHot100.jpg"},{"id":1106,"game_id":1106,"title":"ShiningHot40","alias":"ShiningHot40","provider":"Pragmatic","show":1,"is_live":0,"priority":1,"created_at":null,"updated_at":null,"image":"https://api-prod.mortalsoft.online/i/ShiningHot40.jpg"},{"id":1104,"game_id":1104,"title":"ShiningHot5","alias":"ShiningHot5","provider":"Pragmatic","show":1,"is_live":0,"priority":1,"created_at":null,"updated_at":null,"image":"https://api-prod.mortalsoft.online/i/ShiningHot5.jpg"},{"id":678,"game_id":678,"title":"Shining Jewels 40","alias":"ShiningJewels40CT","provider":"C-Technology","show":1,"is_live":0,"priority":1,"created_at":null,"updated_at":null,"image":"https://api-prod.mortalsoft.online/i/ShiningJewels40CT.jpg"},{"id":677,"game_id":677,"title":"Shining Treasures","alias":"ShiningTreasuresCT","provider":"C-Technology","show":1,"is_live":0,"priority":1,"created_at":null,"updated_at":null,"image":"https://api-prod.mortalsoft.online/i/ShiningTreasuresCT.jpg"},{"id":774,"game_id":774,"title":"Shopping Fiend","alias":"ShoppingFiendKA","provider":"Ka-Gaming","show":1,"is_live":0,"priority":1,"created_at":null,"updated_at":null,"image":"https://api-prod.mortalsoft.online/i/ShoppingFiendKA.jpg"},{"id":871,"game_id":871,"title":"Silk Road","alias":"SilkRoadAT","provider":"Aristocrat","show":1,"is_live":0,"priority":1,"created_at":null,"updated_at":null,"image":"https://api-prod.mortalsoft.online/i/SilkRoadAT.jpg"},{"id":72,"game_id":72,"title":"Silver Fox","alias":"SilverFoxDX","provider":"Greentube","show":1,"is_live":0,"priority":1,"created_at":null,"updated_at":null,"image":"https://api-prod.mortalsoft.online/i/SilverFoxDX.jpg"},{"id":80,"game_id":80,"title":"Sizzling 6","alias":"Sizzling6GT","provider":"New","show":1,"is_live":0,"priority":1,"created_at":null,"updated_at":null,"image":"https://api-prod.mortalsoft.online/i/Sizzling6GT.jpg"},{"id":80,"game_id":80,"title":"Sizzling 6","alias":"Sizzling6GT","provider":"Greentube","show":1,"is_live":0,"priority":1,"created_at":null,"updated_at":null,"image":"https://api-prod.mortalsoft.online/i/Sizzling6GT.jpg"},{"id":73,"game_id":73,"title":"Sizzling Gems","alias":"SizzlingGems","provider":"Greentube","show":1,"is_live":0,"priority":1,"created_at":null,"updated_at":null,"image":"https://api-prod.mortalsoft.online/i/SizzlingGems.jpg"},{"id":140,"game_id":140,"title":"SizzlingHot","alias":"SizzlingHot","provider":"Novomatic","show":1,"is_live":0,"priority":1,"created_at":null,"updated_at":null,"image":"https://api-prod.mortalsoft.online/i/SizzlingHot.jpg"},{"id":74,"game_id":74,"title":"Sizzling Hot","alias":"SizzlingHotDX","provider":"Greentube","show":1,"is_live":0,"priority":1,"created_at":null,"updated_at":null,"image":"https://api-prod.mortalsoft.online/i/SizzlingHotDX.jpg"},{"id":751,"game_id":751,"title":"Snow Leopards","alias":"SnowLeopardsKA","provider":"Ka-Gaming","show":1,"is_live":0,"priority":1,"created_at":null,"updated_at":null,"image":"https://api-prod.mortalsoft.online/i/SnowLeopardsKA.jpg"},{"id":141,"game_id":141,"title":"Sparta","alias":"Sparta","provider":"Novomatic","show":1,"is_live":0,"priority":1,"created_at":null,"updated_at":null,"image":"https://api-prod.mortalsoft.online/i/Sparta.jpg"},{"id":1167,"game_id":1167,"title":"SpartanKing","alias":"SpartanKing","provider":"Pragmatic","show":1,"is_live":0,"priority":1,"created_at":null,"updated_at":null,"image":"https://api-prod.mortalsoft.online/i/SpartanKing.jpg"},{"id":779,"game_id":779,"title":"Speak Easy","alias":"SpeakEasyKA","provider":"Ka-Gaming","show":1,"is_live":0,"priority":1,"created_at":null,"updated_at":null,"image":"https://api-prod.mortalsoft.online/i/SpeakEasyKA.jpg"},{"id":1065,"game_id":1065,"title":"Spring Tails","alias":"SpringTailsBS","provider":"BetSoft","show":1,"is_live":0,"priority":1,"created_at":null,"updated_at":null,"image":"https://api-prod.mortalsoft.online/i/SpringTailsBS.jpg"},{"id":142,"game_id":142,"title":"StarAttraction","alias":"StarAttraction","provider":"Novomatic","show":1,"is_live":0,"priority":1,"created_at":null,"updated_at":null,"image":"https://api-prod.mortalsoft.online/i/StarAttraction.jpg"},{"id":1196,"game_id":1196,"title":"StarlightChristmas","alias":"StarlightChristmas","provider":"Pragmatic","show":1,"is_live":0,"priority":1,"created_at":null,"updated_at":null,"image":"https://api-prod.mortalsoft.online/i/StarlightChristmas.jpg"},{"id":1132,"game_id":1132,"title":"StarlightPrincess","alias":"StarlightPrincess","provider":"Pragmatic","show":1,"is_live":0,"priority":1,"created_at":null,"updated_at":null,"image":"https://api-prod.mortalsoft.online/i/StarlightPrincess.jpg"},{"id":679,"game_id":679,"title":"Star Party","alias":"StarPartyCT","provider":"C-Technology","show":1,"is_live":0,"priority":1,"created_at":null,"updated_at":null,"image":"https://api-prod.mortalsoft.online/i/StarPartyCT.jpg"},{"id":794,"game_id":794,"title":"Stocked Bar","alias":"StockedBarKA","provider":"Ka-Gaming","show":1,"is_live":0,"priority":1,"created_at":null,"updated_at":null,"image":"https://api-prod.mortalsoft.online/i/StockedBarKA.jpg"},{"id":762,"game_id":762,"title":"Stonehenge","alias":"StonehengeKA","provider":"Ka-Gaming","show":1,"is_live":0,"priority":1,"created_at":null,"updated_at":null,"image":"https://api-prod.mortalsoft.online/i/StonehengeKA.jpg"},{"id":143,"game_id":143,"title":"Strip","alias":"Strip","provider":"Novomatic","show":1,"is_live":0,"priority":1,"created_at":null,"updated_at":null,"image":"https://api-prod.mortalsoft.online/i/Strip.jpg"},{"id":1194,"game_id":1194,"title":"SugarRush","alias":"SugarRush","provider":"Pragmatic","show":1,"is_live":0,"priority":1,"created_at":null,"updated_at":null,"image":"https://api-prod.mortalsoft.online/i/SugarRush.jpg"},{"id":872,"game_id":872,"title":"Sun And Moon","alias":"SunAndMoonAT","provider":"Aristocrat","show":1,"is_live":0,"priority":1,"created_at":null,"updated_at":null,"image":"https://api-prod.mortalsoft.online/i/SunAndMoonAT.jpg"},{"id":896,"game_id":896,"title":"Super Ball Keno","alias":"SuperBallKenoIB","provider":"Keno","show":1,"is_live":0,"priority":1,"created_at":null,"updated_at":null,"image":"https://api-prod.mortalsoft.online/i/SuperBallKenoIB.jpg"},{"id":1067,"game_id":1067,"title":"Sushi Bar","alias":"SushiBarBS","provider":"BetSoft","show":1,"is_live":0,"priority":1,"created_at":null,"updated_at":null,"image":"https://api-prod.mortalsoft.online/i/SushiBarBS.jpg"},{"id":1010,"game_id":1010,"title":"Sweet Alchemy Bingo","alias":"SweetAlchemyBingoPG","provider":"Playngo","show":1,"is_live":0,"priority":1,"created_at":null,"updated_at":null,"image":"https://api-prod.mortalsoft.online/i/SweetAlchemyBingoPG.jpg"},{"id":1010,"game_id":1010,"title":"Sweet Alchemy Bingo","alias":"SweetAlchemyBingoPG","provider":"Bingo","show":1,"is_live":0,"priority":1,"created_at":null,"updated_at":null,"image":"https://api-prod.mortalsoft.online/i/SweetAlchemyBingoPG.jpg"},{"id":1198,"game_id":1198,"title":"SweetBonanza","alias":"SweetBonanza","provider":"Pragmatic","show":1,"is_live":0,"priority":1,"created_at":null,"updated_at":null,"image":"https://api-prod.mortalsoft.online/i/SweetBonanza.jpg"},{"id":1199,"game_id":1199,"title":"SweetBonanzaXmas","alias":"SweetBonanzaXmas","provider":"Pragmatic","show":1,"is_live":0,"priority":1,"created_at":null,"updated_at":null,"image":"https://api-prod.mortalsoft.online/i/SweetBonanzaXmas.jpg"},{"id":1118,"game_id":1118,"title":"TalesofEgypt","alias":"TalesofEgypt","provider":"Pragmatic","show":1,"is_live":0,"priority":1,"created_at":null,"updated_at":null,"image":"https://api-prod.mortalsoft.online/i/TalesofEgypt.jpg"},{"id":144,"game_id":144,"title":"Tasty","alias":"Tasty","provider":"Novomatic","show":1,"is_live":0,"priority":1,"created_at":null,"updated_at":null,"image":"https://api-prod.mortalsoft.online/i/Tasty.jpg"},{"id":159,"game_id":159,"title":"Temple of Secrets","alias":"TempleOfSecretsGT","provider":"Greentube","show":1,"is_live":0,"priority":1,"created_at":null,"updated_at":null,"image":"https://api-prod.mortalsoft.online/i/TempleOfSecretsGT.jpg"},{"id":780,"game_id":780,"title":"The Apes","alias":"TheApesKA","provider":"Ka-Gaming","show":1,"is_live":0,"priority":1,"created_at":null,"updated_at":null,"image":"https://api-prod.mortalsoft.online/i/TheApesKA.jpg"},{"id":1121,"game_id":1121,"title":"TheDogHouse","alias":"TheDogHouse","provider":"Pragmatic","show":1,"is_live":0,"priority":1,"created_at":null,"updated_at":null,"image":"https://api-prod.mortalsoft.online/i/TheDogHouse.jpg"},{"id":749,"game_id":749,"title":"The King Of Dinosaurs","alias":"TheKingOfDinosaursKA","provider":"Ka-Gaming","show":1,"is_live":0,"priority":1,"created_at":null,"updated_at":null,"image":"https://api-prod.mortalsoft.online/i/TheKingOfDinosaursKA.jpg"},{"id":768,"game_id":768,"title":"The Nut Cracker","alias":"TheNutCrackerKA","provider":"Ka-Gaming","show":1,"is_live":0,"priority":1,"created_at":null,"updated_at":null,"image":"https://api-prod.mortalsoft.online/i/TheNutCrackerKA.jpg"},{"id":1168,"game_id":1168,"title":"TheTigerWarrior","alias":"TheTigerWarrior","provider":"Pragmatic","show":1,"is_live":0,"priority":1,"created_at":null,"updated_at":null,"image":"https://api-prod.mortalsoft.online/i/TheTigerWarrior.jpg"},{"id":145,"game_id":145,"title":"TikiIsland","alias":"TikiIsland","provider":"Novomatic","show":1,"is_live":0,"priority":1,"created_at":null,"updated_at":null,"image":"https://api-prod.mortalsoft.online/i/TikiIsland.jpg"},{"id":873,"game_id":873,"title":"Tiki Torch","alias":"TikiTorchAT","provider":"Aristocrat","show":1,"is_live":0,"priority":1,"created_at":null,"updated_at":null,"image":"https://api-prod.mortalsoft.online/i/TikiTorchAT.jpg"},{"id":670,"game_id":670,"title":"Treasure 40","alias":"Treasure40CT","provider":"C-Technology","show":1,"is_live":0,"priority":1,"created_at":null,"updated_at":null,"image":"https://api-prod.mortalsoft.online/i/Treasure40CT.jpg"},{"id":146,"game_id":146,"title":"TreasureCastle","alias":"TreasureCastle","provider":"Novomatic","show":1,"is_live":0,"priority":1,"created_at":null,"updated_at":null,"image":"https://api-prod.mortalsoft.online/i/TreasureCastle.jpg"},{"id":669,"game_id":669,"title":"Treasure Hill","alias":"TreasureHillCT","provider":"C-Technology","show":1,"is_live":0,"priority":1,"created_at":null,"updated_at":null,"image":"https://api-prod.mortalsoft.online/i/TreasureHillCT.jpg"},{"id":147,"game_id":147,"title":"TreasureJewels","alias":"TreasureJewels","provider":"Novomatic","show":1,"is_live":0,"priority":1,"created_at":null,"updated_at":null,"image":"https://api-prod.mortalsoft.online/i/TreasureJewels.jpg"},{"id":683,"game_id":683,"title":"Treasure Kingdom","alias":"TreasureKingdomCT","provider":"C-Technology","show":1,"is_live":0,"priority":1,"created_at":null,"updated_at":null,"image":"https://api-prod.mortalsoft.online/i/TreasureKingdomCT.jpg"},{"id":109327,"game_id":109327,"title":"Treasures Of Aztec","alias":"TreasuresOfAztec","provider":"PGSoft","show":1,"is_live":0,"priority":1,"created_at":null,"updated_at":null,"image":"https://api-prod.mortalsoft.online/i/TreasuresOfAztec.jpg"},{"id":752,"game_id":752,"title":"Triple Dragons","alias":"TripleDragonsKA","provider":"Ka-Gaming","show":1,"is_live":0,"priority":1,"created_at":null,"updated_at":null,"image":"https://api-prod.mortalsoft.online/i/TripleDragonsKA.jpg"},{"id":1009,"game_id":1009,"title":"Troll Hunters 2","alias":"TrollHunters2PG","provider":"Playngo","show":1,"is_live":0,"priority":1,"created_at":null,"updated_at":null,"image":"https://api-prod.mortalsoft.online/i/TrollHunters2PG.jpg"},{"id":1130,"game_id":1130,"title":"TweetyHouse","alias":"TweetyHouse","provider":"Pragmatic","show":1,"is_live":0,"priority":1,"created_at":null,"updated_at":null,"image":"https://api-prod.mortalsoft.online/i/TweetyHouse.jpg"},{"id":75,"game_id":75,"title":"Two Sevens","alias":"TwoSevensGT","provider":"Greentube","show":1,"is_live":0,"priority":1,"created_at":null,"updated_at":null,"image":"https://api-prod.mortalsoft.online/i/TwoSevensGT.jpg"},{"id":76,"game_id":76,"title":"Ultra Hot","alias":"UltraHotDXGT","provider":"Greentube","show":1,"is_live":0,"priority":1,"created_at":null,"updated_at":null,"image":"https://api-prod.mortalsoft.online/i/UltraHotDXGT.jpg"},{"id":160,"game_id":160,"title":"Ultra Sevens","alias":"UltraSevensGT","provider":"Greentube","show":1,"is_live":0,"priority":1,"created_at":null,"updated_at":null,"image":"https://api-prod.mortalsoft.online/i/UltraSevensGT.jpg"},{"id":148,"game_id":148,"title":"Unicorn","alias":"Unicorn","provider":"Novomatic","show":1,"is_live":0,"priority":1,"created_at":null,"updated_at":null,"image":"https://api-prod.mortalsoft.online/i/Unicorn.jpg"},{"id":1169,"game_id":1169,"title":"VampiresvsWolves","alias":"VampiresvsWolves","provider":"Pragmatic","show":1,"is_live":0,"priority":1,"created_at":null,"updated_at":null,"image":"https://api-prod.mortalsoft.online/i/VampiresvsWolves.jpg"},{"id":755,"game_id":755,"title":"Vegas 777","alias":"Vegas777KA","provider":"Ka-Gaming","show":1,"is_live":0,"priority":1,"created_at":null,"updated_at":null,"image":"https://api-prod.mortalsoft.online/i/Vegas777KA.jpg"},{"id":874,"game_id":874,"title":"Werewolf Wild","alias":"WerewolfWildAT","provider":"Aristocrat","show":1,"is_live":0,"priority":1,"created_at":null,"updated_at":null,"image":"https://api-prod.mortalsoft.online/i/WerewolfWildAT.jpg"},{"id":662,"game_id":662,"title":"Wet and Juicy","alias":"WetAndJuicyCT","provider":"C-Technology","show":1,"is_live":0,"priority":1,"created_at":null,"updated_at":null,"image":"https://api-prod.mortalsoft.online/i/WetAndJuicyCT.jpg"},{"id":1192,"game_id":1192,"title":"WildBeachParty","alias":"WildBeachParty","provider":"Pragmatic","show":1,"is_live":0,"priority":1,"created_at":null,"updated_at":null,"image":"https://api-prod.mortalsoft.online/i/WildBeachParty.jpg"},{"id":676,"game_id":676,"title":"Wild Clover","alias":"WildCloverCT","provider":"C-Technology","show":1,"is_live":0,"priority":1,"created_at":null,"updated_at":null,"image":"https://api-prod.mortalsoft.online/i/WildCloverCT.jpg"},{"id":875,"game_id":875,"title":"Wild Splash","alias":"WildSplashAT","provider":"Aristocrat","show":1,"is_live":0,"priority":1,"created_at":null,"updated_at":null,"image":"https://api-prod.mortalsoft.online/i/WildSplashAT.jpg"},{"id":1172,"game_id":1172,"title":"WolfGold","alias":"WolfGold","provider":"Pragmatic","show":1,"is_live":0,"priority":1,"created_at":null,"updated_at":null,"image":"https://api-prod.mortalsoft.online/i/WolfGold.jpg"},{"id":1069,"game_id":1069,"title":"Wolf Moon Rising","alias":"WolfMoonRisingBS","provider":"BetSoft","show":1,"is_live":0,"priority":1,"created_at":null,"updated_at":null,"image":"https://api-prod.mortalsoft.online/i/WolfMoonRisingBS.jpg"},{"id":149,"game_id":149,"title":"WorldCup","alias":"WorldCup","provider":"Novomatic","show":1,"is_live":0,"priority":1,"created_at":null,"updated_at":null,"image":"https://api-prod.mortalsoft.online/i/WorldCup.jpg"},{"id":776,"game_id":776,"title":"X Elements","alias":"XElementsKA","provider":"Ka-Gaming","show":1,"is_live":0,"priority":1,"created_at":null,"updated_at":null,"image":"https://api-prod.mortalsoft.online/i/XElementsKA.jpg"},{"id":761,"game_id":761,"title":"Yu Gong","alias":"YuGongKA","provider":"Ka-Gaming","show":1,"is_live":0,"priority":1,"created_at":null,"updated_at":null,"image":"https://api-prod.mortalsoft.online/i/YuGongKA.jpg"},{"id":757,"game_id":757,"title":"YunCai Tong Zi","alias":"YunCaiTongZiKA","provider":"Ka-Gaming","show":1,"is_live":0,"priority":1,"created_at":null,"updated_at":null,"image":"https://api-prod.mortalsoft.online/i/YunCaiTongZiKA.jpg"}]}