{
"SOSIXYIOK" : "  *** ",
"SOSIXY" : "  *** ",
"ебал" : "  *** ",
"сук" : "  *** ",
"Cука" : "  *** ",
"блядь" : "  *** ",
"блять" : "  *** ",
"Блять" : "  *** ",
"<style>" : "  *** ",
"бля" : "  *** ",
"пиздец" : "  *** ",
"пздц" : "  *** ",
"скрипта" : "  *** ",
"скрипт" : "  *** ",
"скам" : "  *** ",
"скамина" : "  *** ",
"скамище" : "  *** ",
"шлюха" : "  *** ",
"ск ам" : "  *** ",
"скамчик" : "  *** ",
"skam" : "  *** ",
"скаm" : "  *** ",
"сkam" : "  *** ",
"скam" : "  *** ",
"ckam" : "  *** ",
"сскам" : "  *** ",
"cckam" : "  *** ",
"ссккаамм" : "  *** ",
"скааам" : "  *** ",
"syka" : "  *** ",
"хуйня" : "  *** ",
"Ебал мать админа" : "  *** ",
"админ пидор,Выебу тебя" : "  *** ",
"пизда" : "  *** ",
"гавно" : "  *** ",
"говно" : "  *** ",
"чмо" : "  *** ",
"кидалово" : "  *** ",
"кидала" : "  *** ",
"ебаный бот" : "  *** ",
".ru" : "  *** ",
"script" : "  *** ",
"наеб" : "  *** ",
"подкрутка" : "  *** ",
"наебали" : "  *** ",
"тупой сайт" : "  *** ",
"шлюхи" : "  *** ",
"ебаной" : "  *** ",
"ебанный" : "  *** ",
"ебанной" : "  *** ",
"жрёт" : "  *** ",
"посрал" : "  *** ",
"посрать" : "  *** ",
"срал" : "  *** ",
"сру" : "  *** ",
"срать" : "  *** ",
"насрать" : "  *** ",
"пиздц" : "  *** ",
"развод" : "  *** ",
"разводняк" : "  *** ",
"разводилово" : "  *** ",
"кинули" : "  *** ",
"кинул" : "  *** ",
"йобаный" : "  *** ",
"йобана" : "  *** ",
"слив" : "  *** ",
"слило" : "  *** ",
"рот" : "  *** ",
"засуньте" : "  *** ",
"заусунь" : "  *** ",
"нехуя" : "  *** ",
"нехуй" : "  *** ",
"наебка" : "  *** ",
"наебалово" : "  *** ",
"сосун" : "  *** ",
"лошара" : "  *** ",
"лох" : "  *** ",
"пидр" : "  *** ",
"лохпидр" : "  *** ",
"пидрила" : "  *** ",
"въебал" : "  *** ",
"клоун" : "  *** ",
"гондон" : "  *** ",
"уебан" : "  *** ",
"уебище" : "  *** ",
"уебок" : "  *** ",
"ебалн" : "  *** ",
"клоун" : "  *** ",
"клоуны" : "  *** ",
"геи" : "  *** ",
"гей" : "  *** ",
"гомосеки" : "  *** ",
"чурка" : "  *** ",
"чуркан" : "  *** ",
"трахал" : "  *** ",
"трахнул" : "  *** ",
"трахай" : "  *** ",
"трахну" : "  *** ",
"хрен" : "  *** ",
"хрень" : "  *** ",
"залупа" : "  *** ",
"пенис" : "  *** ",
"хуита" : "  *** ",
"хуетень" : "  *** ",
"кал" : "  *** ",
"хуета" : "  *** ",
"даун" : "  *** ",
"нищий" : "  *** ",
"нищара" : "  *** ",
"нищита" : "  *** ",
"нищ" : "  *** ",
"конченый" : "  *** ",
"херня" : "  *** ",
"Вафледорн" : "  *** ",
"Вафлидрон" : "  *** ",
"Вафел" : "  *** ",
"Вафля" : "  *** ",
"Вафлист" : "  *** ",
"вафля" : "  *** ",
"мать" : "  *** ",
"<script>" : "  *** ",
"body" : "  *** ",
"<button>" : "  *** ",
"</style>" : "  *** ",
"</button>" : "  *** ",
"Блядь" : "  *** ",
"пидор" : "  *** ",
"хуй" : "  *** ",
"пидорас" : "  *** ",
"pidor" : "  *** ",
"параша" : "  *** ",
"пизд" : "  *** ",
"сдох" : "  *** ",
"твар" : "  *** ",
"долба" : "  *** ",
"заеб" : "  *** ",
"ебан" : "  *** ",
"Скам" : "  *** ",
"гондон" : "  *** ",
"ебло" : "  *** ",
"даун" : "  *** ",
"дегенират" : "  *** ",
"пидарасина" : "  *** ",
"пидор" : "  *** ",
"дебил" : "  *** ",
"пидр" : "  *** ",
"конче" : "  *** ",
"соси" : "  *** ",
"гнид" : "  *** ",
"соси хуй" : "  *** ",
"мразь" : "  *** ",
"сучка" : "  *** ",
"хуйня" : "  *** ",
"блять" : "  *** ",
"ХУЙНЯ" : "  *** ",
"БЛЯТЬ" : "  *** ",
"Ебал мать админа" : "  *** ",
"админ пидор" : "  *** ",
"Админ пидор" : "  *** ",
"Выебу тебя" : "  *** ",
"ебал мать админа" : "  *** ",
"csgotop.ru" : "  *** ",
"сука" : "  *** ",
"Cука" : "  *** ",
"блядь" : "  *** ",
"блять" : "  *** ",
"Блять" : "  *** ",
"Блядь" : "  *** ",
"pidor" : "  *** ",
"csgotop.ru" : "  *** ",
"EzyGame.Ru" : "  *** ",
"cyka" : "  *** ",
"Cyka" : "  *** ",
"over-skin.ru" : "  *** ",
"аутист" : "  *** ",
"Дебил" : "  *** ",
"mycsarena.ru" : "  *** ",
"csgostart.com" : "  *** ",
"tapecsgo.com" : "  *** ",
"нахуй" : "  *** ",
"CSGO.ONE" : "  *** ",
"HellStore.net" : "  *** ",
"хуй": "  *** ",
"пизда" : "  *** ",
"хуй" : "  *** ",
"гавно" : "  *** ",
"чмо" : "  *** ",
"кидалово" : "  *** ",
"кидала" : "  *** ",
"csgo-jackpot.net" : "  *** ",
"csgowinner.ru" : "  *** ",
"ебаный бот" : "  *** ",
"csgopvp.com" : "  *** ",
"www.csgorise.ru" : "  *** ",
"шалун" : "  *** ",
"glcsgo.com" : "  *** ",
"vk.com/alpha_csgo" : "  *** ",
"csgoblaze" : "  *** ",
"CSGOHS.RU" : "  *** ",
"godrop.r" : "  *** ",
"UITEMS.RU" : "  *** ",
"drop" : "  *** ",
"csgo" : "  *** ",
"fastdr" : "  *** ",
"items" : "  *** ",
"еблан" : "  *** ",
"chance" : "  *** ",
"СКАМ" : "  *** ",
"с.к.а.м" : "  *** ",
"скам" : "  *** ",
"у нас лучше" : "  *** ",
".ru" : "  *** ",
".io" : "  *** ",
".com" : "  *** ",
".ком" : "  *** ",
"script" : "  *** ",
"skins4you.ml" : "  *** ",
"подкручивает":"  *** ",
"toomoney":"  *** ",
"ironmoney":"  *** ",
"с к a m":"  *** ",
"money":"  *** "
}